Event	Addons
KeyDown	235
InterfaceMenuListHasLoaded	191
WindowManagementReady	144
CharacterCreated	138
UnitEnteredCombat	133
UnitCreated	125
UnitDestroyed	106
ChangeWorld	101
NextFrame	77
TargetUnitChanged	76
ChatMessage	75
VarChange_FrameCount	67
SubZoneChanged	65
Group_Left	64
Group_Join	54
CombatLogDamage	48
Group_Remove	45
Group_Add	43
QuestStateChanged	41
SystemKeyDown	39
Group_Updated	34
PublicEventStart	33
QuestObjectiveUpdated	33
Tutorial_RequestUIAnchor	32
AbilityBookChange	30
PlayerLevelChange	30
UnitActivationTypeChanged	30
VarChange_ZoneName	30
PublicEventEnd	29
PlayerPathMissionUpdate	28
CombatLogCCState	27
GuildRoster	26
UnitNameChanged	25
PlayerCurrencyChanged	24
UpdateInventory	24
DamageOrHealingDone	22
GuildChange	22
InvokeVendorWindow	21
MatchEntered	21
PublicEventObjectiveUpdate	21
SpecChanged	21
ChallengeActivate	20
ElderPointsGained	20
UnitLevelChanged	20
UnitPvpFlagsChanged	20
AlternateTargetUnitChanged	19
LootedItem	19
LootRollUpdate	19
MatchExited	19
PublicEventLeave	19
ChallengeFailArea	18
ChallengeFailTime	18
ChannelUpdate_Loot	18
CombatLogHeal	18
PlayerEquippedItemChanged	18
QuestInit	18
UnitTextBubbleCreate	18
AttackMissed	17
UnitGibbed	17
ExperienceGained	16
MasterLootUpdate	16
OptionsUpdated_QuestTracker	16
PlayerTitleChange	16
UnitTextBubblesDestroyed	16
CombatLogTransference	15
Dialog_ShowState	15
EpisodeStateChanged	15
FriendshipAdd	15
FriendshipRemove	15
Group_FlagsChanged	15
Group_MemberFlagsChanged	15
Group_MemberPromoted	15
Group_ReadyCheck	15
LootedMoney	15
PlayedTime	15
PlayerPathMissionDeactivate	15
ChallengeAbandon	14
ChallengeCompleted	14
ChatTellFailed	14
PlayerPathMissionActivate	14
PlayerPathMissionUnlocked	14
ResolutionChanged	14
ShowResurrectDialog	14
UnitGuildNameplateChanged	14
UnitMemberOfGuildChange	14
UnitTitleChanged	14
CloseVendorWindow	13
Dialog_Close	13
GuildMemberChange	13
PlayerChanged	13
PlayerResurrected	13
PublicEventObjectiveLocationAdded	13
PublicEventObjectiveLocationRemoved	13
ReputationChanged	13
ChatAccountTellFailed	12
CombatMomentum	12
GenericError	12
GenericEvent_ArchiveArticleLink	12
GenericEvent_QuestLink	12
Group_UpdatePosition	12
ItemLink	12
ItemRemoved	12
ItemSentToCrate	12
LootAssigned	12
LootRollWon	12
MatchingGameReady	12
PublicEventLocationAdded	12
PublicEventLocationRemoved	12
SpellCastFailed	12
UnitMiniMapMarkerChanged	12
UpdatePathXp	12
WindowManagementUpdate	12
ChatJoin	11
ChatLeave	11
CombatLogDeflect	11
Death	11
DragDropSysBegin	11
DragDropSysEnd	11
FriendshipAccountFriendRemoved	11
GenericEvent_LootChannelMessage	11
HarvestItemsSentToOwner	11
OptionsUpdated_HUDPreferences	11
QuestFloater	11
ShowActionBarShortcut	11
TargetThreatListUpdated	11
UnitEvaded	11
ActionBarNonSpellShortcutAddFailed	10
AlertAchievement	10
BuffAdded	10
ChallengeFailGeneric	10
ChallengeFlashStartLocation	10
ChatReply	10
CityDirectionMarked	10
CombatLogDeath	10
Event_EngageAccountWhisper	10
Event_EngageWhisper	10
FactionFloater	10
FriendshipAccountFriendsRecieved	10
GenericEvent_ChatLogWhisper	10
Group_Invite_Result	10
HazardRemoveMinimapUnit	10
HazardShowMinimapUnit	10
LuaChatLogMessage	10
PlayerPathExplorerPowerMapFailed	10
PlayerPathExplorerPowerMapStarted	10
ToggleGhostModeMap	10
WhoResponse	10
AccountSupportTicketResult	9
AlertTitle	9
ApplyCCState	9
ChatAction	9
ChatJoinResult	9
ChatList	9
ChatResult	9
CountdownTick	9
GenericEvent_GenericError	9
GenericEvent_SystemChannelMessage	9
GenericFloater	9
Group_Invited	9
GuildResult	9
HintArrowDistanceUpdate	9
KeyBindingKeyChanged	9
MapGhostMode	9
MatchingJoinQueue	9
MatchingLeaveQueue	9
OptionsUpdated_Floaters	9
PlayerPathMissionComplete	9
PrereqFailureMessage	9
PVPMatchFinished	9
QuestShareFloater	9
RealmBroadcastTierMedium	9
SettlerHubReward	9
ToggleFramerate	9
TradeSkillFloater	9
TradeSkillSigilResult	9
ZoneMapPing	9
AchievementGranted	8
AchievementUpdated	8
BuffRemoved	8
BuffUpdated	8
ChallengeAbandonConfirmed	8
ClearSpellThreshold	8
CombatLogDatacube	8
CombatLogImmunity	8
CombatLogModifying	8
CombatLogVitalModifier	8
Communicator_ShowQuestMsg	8
ItemAdded	8
LootRollPassed	8
LootRollSelected	8
Mount	8
NavPointCleared	8
NavPointSet	8
PersonaUpdateCharacterStats	8
StartSpellThreshold	8
ToggleZoneMap	8
UnitGroupChanged	8
UpdateSpellThreshold	8
ZoneMap_TimeOutCityDirectionEvent	8
AccountCurrencyChanged	7
ApplicationWindowSizeChanged	7
ChallengeUnlocked	7
ChatFlag	7
ChatZone	7
ChatZoneChange	7
CombatLogFallingDamage	7
CombatLogInterrupted	7
CombatLogLoot	7
CombatLogResurrect	7
CommodityInfoResults	7
FrameCount	7
FriendshipUpdate	7
GenericEvent_QuestTrackerRenumbered	7
GenericEvent_ToggleGroupBag	7
ItemDurabilityUpdate	7
KeyBindingUpdated	7
MatchLeft	7
MouseOverUnitChanged	7
ObjectiveTrackerLoaded	7
StanceChanged	7
UI_XPChanged	7
AccountEntitlementUpdate	6
ActionBarLoaded	6
ChallengeUpdated	6
ChannelUpdate_Crafting	6
CharacterEntitlementUpdate	6
CombatLogModifyInterruptArmor	6
GenericEvent_InitializeSchematicsTree	6
GenericEvent_QuestLog_TrackBtnClicked	6
Group_JoinRequest	6
Group_LootRulesChanged	6
Group_Referral	6
HousingNeighborInviteRecieved	6
HousingRandomResidenceListRecieved	6
Inspect	6
ItemModified	6
LootRoll	6
LootRollAllPassed	6
MailBoxActivate	6
RemoveCCState	6
RequestSalvageAll	6
ToggleCharacterWindow	6
ToggleInventory	6
VendorItemsUpdated	6
ChannelUpdate_Progress	5
CombatLogAbsorption	5
CombatLogCrafting	5
CombatLogDispel	5
CombatLogItemDestroy	5
ContractStateChanged	5
DatachronRestored	5
FloaterMultiHeal	5
FloaterMultiHit	5
FloaterTransference	5
FriendshipAccountDataUpdate	5
GenericEvent_LinkItemToChat	5
GenericEvent_LoadItemPreview	5
GenericEvent_RestoreDatachron	5
Group_AcceptInvite	5
GuildBankTab	5
InterfaceMenu_ToggleInventory	5
InterfaceMenuList_AlertAddOn	5
InterfaceOptionsLoaded	5
MatchingRoleCheckStarted	5
PlayerPathRefresh	5
PlayerTitleUpdate	5
PostCommodityOrderResult	5
ProfessionAchievementUpdated	5
PublicEventCleared	5
RealmBroadcastTierHigh	5
ShowBank	5
ShowInventory	5
TaxiWindowClose	5
ToggleMarketplaceWindow	5
ActionBarReady	4
ActivateCCStateStun	4
AvailableMail	4
CombatLogLifeSteal	4
CommDisplay_Closed	4
Communicator_EndIncoming	4
Communicator_ShowSpamMsg	4
Communicator_SpamVOEnded	4
ContractObjectiveUpdated	4
Datachron_HideCallPulse	4
DatacubeUpdated	4
DuelStateChanged	4
DyeLearned	4
FriendshipUpdateOnline	4
Group_Request_Result	4
Group_SetMark	4
GuildBank_ShowPersonalInventory	4
HideBank	4
HousingFreePlaceDecorQuery	4
HousingPanelControlClose	4
HousingPanelControlOpen	4
InterfaceMenuList_NewAddOn	4
LogOut	4
MatchFinished	4
MatchingCancelPendingGame	4
MatchJoined	4
MouseButtonUp	4
ObscuredAddonVisible	4
OwnedCommodityOrders	4
PlayerPathMissionAdvanced	4
ProgressClickWindowDisplay	4
PublicEventObjectiveJoinedMessage	4
PublicEventObjectiveStartMessage	4
PublicEventUpdate	4
QuestLog_ToggleLongQuestText	4
QuestTrackedChanged	4
RaidInfoResponse	4
RemoveCCStateStun	4
SetPlayerPath	4
StoreLinksRefresh	4
ToggleGroupFinder	4
ToggleTradeskills	4
ZoneMapWindowModeChange	4
BonusEventsChanged	3
BreathChanged	3
BuybackItemsUpdated	3
ChallengeLeftArea	3
ChallengeRewardListReady	3
CharacterEldanAugmentationsUpdated	3
CityDirectionsClose	3
CityDirectionsList	3
CombatLogCCStateBreak	3
CombatLogMount	3
CombatLogMultiHeal	3
CombatLogMultiHit	3
ContractBoardOpen	3
CraftingInterrupted	3
CREDDExchangeInfoResults	3
Datachron_FlashIndicators	3
DatachronMinimized	3
EnteredCombat	3
FriendshipAccountInvitesRecieved	3
FriendshipInvitesRecieved	3
FriendshipResult	3
GameClickWorld	3
GenericEvent_AttachWindow_GroupDisplayOptions	3
GenericEvent_CollectablesReady	3
GenericEvent_CraftingResume_OpenEngraving	3
GenericEvent_MediaShareLoaded	3
GenericEvent_PlayerCampStart	3
GenericEvent_PlayerExitStart	3
GenericEvent_ShowConfirmLeaveDisband	3
GenericEvent_SplitItemStack	3
GenericEvent_StartCraftingGrid	3
GenericEvent_ZoneMap_ZoneChanged	3
Group_DeclineInvite	3
Group_Disbanded	3
Group_MemberConnect	3
Group_Mentor	3
Group_MentorLeftAOI	3
Group_MentorRelationship	3
Group_Operation_Result	3
GuildBankItem	3
GuildInvite	3
GuildRankChange	3
HousingFreePlaceDecorCancelled	3
HousingFreePlaceDecorSelected	3
HousingMyResidenceDecorChanged	3
HousingNeighborsLoaded	3
InteractiveUnitChanged	3
InterfaceClick	3
ItemAuctionSearchResults	3
LevelUpUnlock_WorldMapAdventure_Astrovoid	3
LevelUpUnlock_WorldMapAdventure_Galeras	3
LevelUpUnlock_WorldMapAdventure_Hycrest	3
LevelUpUnlock_WorldMapAdventure_Malgrave	3
LevelUpUnlock_WorldMapAdventure_NorthernWilds	3
LevelUpUnlock_WorldMapAdventure_Whitevale	3
LevelUpUnlock_WorldMapCapital_Illium	3
LevelUpUnlock_WorldMapCapital_Thayd	3
LevelUpUnlock_WorldMapDungeon_KelVoreth	3
LevelUpUnlock_WorldMapDungeon_Skullcano	3
LevelUpUnlock_WorldMapDungeon_Stormtalon	3
LevelUpUnlock_WorldMapDungeon_SwordMaiden	3
LevelUpUnlock_WorldMapNewZone_Algoroc	3
LevelUpUnlock_WorldMapNewZone_Auroria	3
LevelUpUnlock_WorldMapNewZone_Celestion	3
LevelUpUnlock_WorldMapNewZone_CrimsonIsle	3
LevelUpUnlock_WorldMapNewZone_Deradune	3
LevelUpUnlock_WorldMapNewZone_Ellevar	3
LevelUpUnlock_WorldMapNewZone_EverstarGrove	3
LevelUpUnlock_WorldMapNewZone_Farside	3
LevelUpUnlock_WorldMapNewZone_Galeras	3
LevelUpUnlock_WorldMapNewZone_Grimvault	3
LevelUpUnlock_WorldMapNewZone_LevianBay	3
LevelUpUnlock_WorldMapNewZone_Malgrave	3
LevelUpUnlock_WorldMapNewZone_NorthernWilds	3
LevelUpUnlock_WorldMapNewZone_Whitevale	3
LevelUpUnlock_WorldMapNewZone_Wilderrun	3
LootStackItemSentToTradeskillBag	3
MailBoxDeactivate	3
MapPulseTimer	3
MapTrackedUnitDisable	3
MapTrackedUnitUpdate	3
MarketplaceWindowClose	3
MatchingEligibilityChanged	3
MatchingGamePendingUpdate	3
ObjectiveTracker_ExternalRequestRedraw	3
ObjectiveTracker_NewAddOn	3
ObjectiveTracker_RemoveAddOn	3
ObjectiveTracker_RequestParent	3
ObjectiveTracker_UpdateAddOn	3
PetSpawned	3
PlayerEnteredWorld	3
PremiumTierChanged	3
PublicEventLiveStatsUpdate	3
PvpKillNotification	3
QuestHighlightChanged	3
ShowItemInDressingRoom	3
ShowLocOnWorldMap	3
ShowQuestLog	3
SplitItemStack	3
SuggestedMenuResult	3
ToggleBlockBarsVisibility	3
ToggleMailWindow	3
ToggleSocialWindow	3
TradeskillEngravingStationClose	3
UI_EffectiveLevelChanged	3
UI_LevelChanged	3
WindowManagementAdd	3
WindowSizeChanged	3
ZoneCompletionUpdated	3
ZoneMapPlayerIndicatorUpdated	3
ZoneMapUpdateHexGroup	3
_LCLF_SpellCastStart	2
AbilityWindowHasBeenToggled	2
AcceptProgressInput	2
AlpacaColorPickerSelection	2
AlpacaOpenDebug	2
AlpacaRegisterPlugin	2
AlpacaRegisterPluginSuccess	2
AlpacaSetDebugCounter	2
AlwaysShowTradeskills	2
AppearanceChanged	2
CandyBarsInterfaceMenuClick	2
CasterResurrectedPlayer	2
CloseCommDisplay	2
CombatLogDamageShields	2
CombatLogDelayDeath	2
CombatLogKillPVP	2
CombatLogLAS	2
CombatLogMultiHitShields	2
CombatLogPet	2
CombatLogReflect	2
CommDisplayQuestText	2
CommDisplayRegularText	2
CommodityAuctionRemoved	2
Communicator_ShowQueuedMsg	2
ContentFinder_OpenMapToNavPoint	2
ContractBoardClose	2
CostumeNames_Edit	2
CostumeSet	2
CraftingSchematicLearned	2
DailyLoginUpdate	2
DatacubePlaybackEnded	2
DecorPreviewClose	2
DuelAccepted	2
DuelCancelWarning	2
DuelLeftArea	2
EventGeneric_OpenSocialPanel	2
FriendshipAccountCharacterLevelUpdate	2
FriendshipAccountInviteRemoved	2
FriendshipAccountPersonalStatusUpdate	2
FriendshipInviteRemoved	2
FriendshipLocation	2
FriendshipPostRemove	2
FriendshipRequest	2
FriendshipRequestWithdrawn	2
GameClickSky	2
Generic_GEAR_UPDATE	2
GenericBuilderUpdate	2
GenericEvent_ChallengeTrackerToggled	2
GenericEvent_CraftingResume_CloseEngraving	2
GenericEvent_InitializeGroupLeaderOptions	2
GenericEvent_LoadDecorPreview	2
GenericEvent_Raid_UncheckMasterLoot	2
GenericEvent_StartCircuitCraft	2
GenericEvent_ToggleReputation	2
GenericEvent_UpdateGroupLeaderOptions	2
GuardWaypoints_DefaultColorSet	2
GuardWaypoints_WaypointAdded	2
GuildBankerClose	2
GuildBankerOpen	2
GuildBankWithdraw	2
GuildInfoMessage	2
GuildLoaded	2
GuildWarCoinsChanged	2
HazardEnabled	2
HazardRemoved	2
HazardUpdated	2
HideCommDisplay	2
HighlightProgressOption	2
HousingExitEditMode	2
HousingFreePlaceDecorMoveBegin	2
HousingFreePlaceDecorMoveEnd	2
HousingFreePlaceDecorMoving	2
HousingNeighborhoodRecieved	2
HousingNeighborInviteAccepted	2
HousingNeighborInviteDeclined	2
HousingNeighborUpdate	2
HousingPlotsRecieved	2
HousingVendorListRecieved	2
InterfaceMenu_ToggleFortunes	2
InterfaceMenu_ToggleShop	2
InterfaceMenuClicked	2
InvokeCraftingWindow	2
ItemConfirmSoulboundOnEquip	2
Jita_ICComm_ReceivedPlayerData	2
Jita_ICComm_RequestPlayerData	2
Jita_ICComm_StreamingChunkedData	2
KeyBindingReceived	2
KeybindInterfaceClosed	2
LevelUpUnlock_Character_CostumeSlot2	2
LevelUpUnlock_Character_CostumeSlot3	2
LevelUpUnlock_Character_CostumeSlot4	2
LevelUpUnlock_Character_CostumeSlot5	2
LevelUpUnlock_Character_CostumeSlot6	2
LevelUpUnlock_Character_CostumeSystem	2
LevelUpUnlock_Character_GearSlot_Gadgets	2
LevelUpUnlock_Character_GearSlot_Gloves	2
LevelUpUnlock_Character_GearSlot_Helm	2
LevelUpUnlock_Character_GearSlot_Implants	2
LevelUpUnlock_Character_GearSlot_RaidKey	2
LevelUpUnlock_Character_GearSlot_Shield	2
LevelUpUnlock_Character_GearSlot_Shoulders	2
LevelUpUnlock_Character_GearSlot_SupportSystem	2
LevelUpUnlock_Character_GearSlot_WeaponAttachment	2
LevelUpUnlock_Class_Attribute	2
LevelUpUnlock_GroupFinder_General	2
LevelUpUnlock_Inventory_Salvage	2
LevelUpUnlock_Path_Item	2
LevelUpUnlock_Path_Title	2
LevelUpUnlock_WorldMapDungeon_ProtogamesAcademyDominion	2
LevelUpUnlock_WorldMapDungeon_ProtogamesAcademyExile	2
LevelUpUnlock_WorldMapDungeon_UltimateProtogames	2
LuaError	2
MailWindowHasBeenClosed	2
MailWindowHasBeenToggled	2
MatchingRoleCheckCanceled	2
MatchingRoleCheckHidden	2
MatchLookingForReplacements	2
MatchStoppedLookingForReplacements	2
MatchVoteKickBegin	2
MatchVoteKickEnd	2
MatchVoteSurrenderBegin	2
MatchVoteSurrenderEnd	2
MouseWheel	2
OnGroup_Left	2
OnGroup_Remove	2
OpenAlpacaColorPicker	2
OpenSSToolkit	2
Options_UpdateActionBarTooltipLocation	2
OptionsUpdated_FFPreferences	2
OptionsUpdated_UnitFramesUpdated	2
PetDespawned	2
PetStanceChanged	2
PlayerCampStart	2
PlayerCreated	2
PlayerPathScientistScanData	2
PostItemAuctionResult	2
ProfessionUpdated	2
PublicEventStatsUpdate	2
PVPDeathmatchPoolUpdated	2
PVPMatchStateUpdated	2
PvpRatingUpdated	2
RefreshHealthShieldBar	2
RewardTrackActive	2
RewardTrackUpdated	2
SetNavPointFailed	2
ShowActionBarShortcutDocked	2
ShowOptions	2
ShowSCTMenu	2
StoryPanelDialog_Show	2
StunVGPressed	2
TargetedByUnit	2
ToggleAbilitiesWindow	2
ToggleAuctionWindow	2
ToggleReputationInterface	2
TradeskillEngravingStationOpen	2
UI_HealthChanged	2
UnitUpdated	2
UpdateCCStateStun	2
WindowManagementRegister	2
ZoneMap_OpenMapToQuest	2
_event_ToggleAllies	1
_event_ToggleGroup	1
_event_ToggleHostiles	1
_LCLF_SpellAuraApplied	1
_LCLF_SpellAuraRemoved	1
_LCLF_SpellCastSuccess	1
_LCLF_UnitDied	1
AbilityWindowHasBeenClosed	1
AccountInventoryUpdate	1
AccountWideSettingsInterfaceMenu	1
AchievementTrackerMenuClicked	1
ActionSetError	1
AddonEvent_MenuEntryClicked	1
AddonEvent_ToggleGalaxyLibrary	1
AddonEvent_ToggleLootHistory	1
AddonEvent_ToggleWhatTheRune	1
AddonFullyLoaded	1
AfAltGear_Show	1
AfRaidAnnouncerOn	1
AfYesSir_Configure	1
AlertMailInfo	1
AltometerHookItemTooltips	1
AMLoadIcons	1
AMPFinder_ShowHide	1
AnnounceDeath	1
Ayth_Quest_Config	1
BGChronOn	1
BR_OpenMenu	1
BuffTrackerMenuClick	1
BuffUptimeMenuClick	1
Builder_Show	1
ButtonRestoreDefaultSettings	1
CandyUI_CloseOptions	1
CandyUI_Loaded	1
CandyUI_OpenOptions	1
CandyUI_OptionsLoaded	1
CanVacuumChange	1
CashWindowAmountChanged	1
Catalog_ToggleBrowser	1
CET_Sound	1
ChallengeAreaRestriction	1
ChallengerConfigure	1
ChallengeRewardReady	1
ChallengeShared	1
ChallengeUpdate	1
CharachterCreated	1
CharacterFlagsUpdated	1
CharacterPost	1
CharacterShot_InterfaceMenu	1
CharacterUnlockedInlaidEldanAugmentation	1
CharacterWindowHasBeenClosed	1
ClosePowerViewMini	1
CombatLogBuildSwitch	1
CombatLogDurabilityLoss	1
CombatLogElderPointsLimitReached	1
CombatLogEndGameCurrencies	1
CombatLogExperience	1
CombatLogImmune	1
CombatLogKillStreak	1
CombatLogStealth	1
CombatLogString	1
CombatMeter_ShowMenu	1
CombatText_CloseOptions	1
CombatText_OpenOptions	1
Communicator_PlayerUpdated	1
Communicator_TraitChanged	1
Communicator_UpdateCallback	1
ConfigWindow_BtnReq_NCT	1
ConfigWindow_BtnRes	1
ConfigWindow_CfgUpd_NCT	1
ConfigWindow_DemReq	1
ConfigWindow_InitRep	1
ContentQueueStart	1
ContractGoodQualityChanged	1
CostumeCooldownComplete	1
CraftingSchematicComplete	1
CreddBrokerMenuClicked	1
Datachron_LoadHousingContent	1
DatachronCallCleared	1
DatachronCallIncoming	1
DatachronCallMissed	1
DecorPreviewOpen	1
Dialog_QuestShare	1
DisplayStatMenuClicked	1
DyeTrackerInterfaceList	1
EasyPlatEntryInterfaceMenu	1
EditBoxReturn	1
EGPlatesOptions	1
ErrorHandler_InterfaceMenuClick	1
event	1
Event_ArenaTeamCreatedOrDisbanded	1
Event_WarpartyCreatedOrDisbanded	1
EventGeneric_ConfirmRemoveAccountFriend	1
EventGeneric_PopulateCharacterList	1
ExitWindow_RequestParent	1
EzMessengerMaximise	1
EzSocialbarOptions	1
ForceResurrect	1
FovSlider	1
FriendshipAccountUpdateOnline	1
FriendshipLoaded	1
FriendshipSuggestedAdd	1
FriendshipSuggestedRemove	1
FriendshipSuggestedUpdate	1
GalacticArchiveArticleAdded	1
GalacticArchiveEntryAdded	1
GalacticArchiveRefresh	1
GalaxyMeterLogStart	1
GalaxyMeterLogStop	1
GameClickProp	1
GameClickUnit	1
GeminiConsole_ButtonClick	1
Generic_GEAR_PLUGIN	1
Generic_OnClickUI	1
Generic_OnJustCirclesOn	1
Generic_OnJustFriendsOn	1
Generic_OnJustGuildOn	1
Generic_OnJustNeighborsOn	1
Generic_OnShowGear	1
Generic_OnWShow	1
Generic_RTO	1
Generic_ToggleBuffFilter	1
Generic_ToggleFasterLootPlus	1
Generic_ToggleGuildAutoGreeter	1
Generic_ToggleLoot	1
Generic_ToggleMagicMarkers	1
Generic_ToggleOneVersion	1
GenericEvent_BotchCraft	1
GenericEvent_CloseGAReader	1
GenericEvent_CloseZoneCompletion	1
GenericEvent_Collections_DatacubePlayFromPL	1
GenericEvent_Collections_StopDatacube	1
GenericEvent_CopyURL	1
GenericEvent_DestroyCircles	1
GenericEvent_DestroyFriends	1
GenericEvent_HideInteractPrompt	1
GenericEvent_HUDAlerts_ToggleInteractPopoutText	1
GenericEvent_InitializeCircles	1
GenericEvent_InitializeFriends	1
GenericEvent_InitializeNeighbors	1
GenericEvent_InputChannel	1
GenericEvent_InputText	1
GenericEvent_InterfaceMenu_OpenContracts	1
GenericEvent_MinimizeZoneCompletion	1
GenericEvent_OnChannelsNames	1
GenericEvent_OpenCostumes	1
GenericEvent_OpenEldanAugmentation	1
GenericEvent_OpenFLexFashion	1
GenericEvent_OpenFriendsPanel	1
GenericEvent_OpenGuildPanel	1
GenericEvent_OpenNeighborsPanel	1
GenericEvent_OpenTMM	1
GenericEvent_OpenToSearchSchematic	1
GenericEvent_OpenToSpecificSchematic	1
GenericEvent_OpenToSpecificTechTree	1
GenericEvent_OpenZoneCompletion	1
GenericEvent_PerspectivePlates_GetAnchorOffsets	1
GenericEvent_PerspectivePlates_PerspectiveResize	1
GenericEvent_PerspectivePlates_RegisterOffsets	1
GenericEvent_PerspectivePlates_SetAnchorOffsets	1
GenericEvent_PlayerExitCancel	1
GenericEvent_Raid_ToggleLeaderOptions	1
GenericEvent_Raid_ToggleRaidTearOff	1
GenericEvent_Raid_ToggleRaidUnTear	1
GenericEvent_Raid_UncheckLeaderOptions	1
GenericEvent_ShowGalacticArchive	1
GenericEvent_ShowQuestLog	1
GenericEvent_StopPlayingDatacube	1
GenericEvent_ToggleCostumeQuickMenu	1
GenericEvent_ToggleMountCustomize	1
GenericEvent_ZoneMap_SetMapCompletionShown	1
GenericEvent_ZoneMap_ZoomLevelChanged	1
GridDoubleClick	1
Group_Changed	1
Group_Disband	1
Group_Leave	1
Group_QuestList	1
GroupBagItemAdded	1
GuideLine_Config	1
Guild_ToggleInfo	1
GuildFlags	1
GuildInfluenceAndMoney	1
GuildMessageOfTheDay	1
GuildName	1
GuildPvp	1
GuildQueueStateChanged	1
GuildWindowHasBeenClosed	1
HecklerConfigure	1
HideIncapacitationBar	1
HideInterfaceButton_ShowHide	1
HousingActivateDecorIcon	1
HousingBuildComplete	1
HousingBuildStarted	1
HousingButtonCrate	1
HousingButtonLandscape	1
HousingButtonList	1
HousingButtonRemodel	1
HousingButtonVendor	1
HousingConfirmReplace	1
HousingDeactivateDecorIcon	1
HousingDestroyDecorControlOpen	1
HousingDestroyDecorControlOpen2	1
HousingEditModeChanged	1
HousingEnterEditMode	1
HousingFreePlaceControlClose	1
HousingFreePlaceDecorPlaced	1
HousingHookDecorPlaced	1
HousingNamePropertyOpen	1
HousingResult	1
HousingResultInterceptResponse	1
HousingSelectHook	1
HousingSelectIvalidHook	1
HousingStorageListRecieved	1
HudAlert_ToggleLoreWindow	1
ICCommReceiveThrottled	1
InitiateSpecInspect	1
InterfaceMenu_InvokeLoginIncentives	1
InterfaceMenu_Keybindings	1
InterfaceMenu_OpenForgeUI	1
InterfaceMenu_OptiPlates	1
InterfaceMenu_ToggleLoreWindow	1
InterfaceMenu_ToggleSets	1
InterfaceMenuToggleWildRace	1
InvokeFriendsList	1
InvokeNeighborsList	1
InvokeScientistExperimentation	1
InvokeSettlerBuild	1
InvokeSoldierBuild	1
InvokeTaxiWindow	1
ItemAuctionExpired	1
ItemAuctionOutbid	1
ItemAuctionWon	1
ItemCancelResult	1
ItemConfirmClearRestockOnEquip	1
JobFinished	1
JoinResultEvent	1
Journalism_ToggleWindow	1
KInterfaceClick	1
KuronaBarsClick	1
KuronaFramesClick	1
LastFive_ShowMenu	1
LevelUpUnlock_Customization_Mount	1
LevelUpUnlock_GroupFinder_Adventures	1
LevelUpUnlock_GroupFinder_Arenas	1
LevelUpUnlock_GroupFinder_Dungeons	1
LevelUpUnlock_GroupFinder_Warplots	1
LevelUpUnlock_PvE_Contracts	1
LevelUpUnlock_PvP_Battleground	1
LiveEvent_ToggleWindow	1
LiveEvent_WindowClosed	1
LogoutInterfaceMenuClick	1
LootItemSentToTradeskillBag	1
LQTA_ToggleOptions	1
LUIBossMods_ToggleMenu	1
MailAddAttachment	1
MailResult	1
MatchingAverageWaitTimeUpdated	1
MatchingGameAccepted	1
MatchingPenaltyUpdated	1
MHInterfaceClick	1
MountItOn	1
MountUnlocked	1
MouseButtonDown	1
MoveList	1
Nameplacer_UnitNameplatePositionChanged	1
NameView_ShowMenu	1
NavMate_ArrivedAtWaypoint	1
NavMate_WaypointAdded	1
NewKiruBox	1
Nicknames_Show	1
ObjectiveTrackerUpdated	1
OJReloadAssignments	1
OJReloadEncounters	1
OJReloadGroups	1
OJReloadParty	1
OnBarColorText	1
OnChannelAliasChanged	1
OnChannelColorBtn	1
OnCloseWind	1
OnConfigurePratLite	1
OnDETOptions	1
OnEmoteBlend	1
OneVersion_ReportAddonInfo	1
OnFontChange	1
OnFriendListOn	1
OnFriendshipAccountDataUpdate	1
OnFriendshipUpdate	1
OnFriendshipUpdateOnline	1
OnICBlend	1
OnInstruction	1
OnMentionBlend	1
OnOOCBlend	1
OnOpenGuildPanelOn	1
OnResetHistory	1
OnRPChannel	1
OnRPFilterChanged	1
OnSetEmoteColor	1
OnSetMentionColor	1
OnSetOOCColor	1
OnSetSayColor	1
OnShowPanelOn	1
OnUpdateDataPlayers	1
OnVideoProfilesOptions	1
OnWatchYoPlants	1
OpenAMPBuilds	1
OpenContentFinderToUnlock	1
OpenDailyLogin	1
OpenHarvesterConfiguration	1
OpenNavigatorConfiguration	1
OpenPowerViewMini	1
OpenQueueWindow	1
OpenSlashCommand	1
OpenWatcherConfiguration	1
OptionsUpdated_HUDInteract	1
OptionsUpdated_LocalQuestTracker	1
OptionsUpdated_LocalQuestTrackerAdvanced	1
OptiPlates_ProfileCreated	1
OptiPlates_ProfileRemoved	1
OrionChallengesOrderChanged	1
OrionChallengesToggle	1
OwnedItemAuctions	1
PartyJoined	1
PathChangeResult	1
PathLevelUp	1
PetCustomizationUpdated	1
PetFlairUnlocked	1
PetOptionsMenuClicked	1
PL_TabChanged	1
PL_ToggleAchievementWindow	1
PlayerBadger_ShowMenu	1
PlayerCampCancel	1
PlayerPathScientistScanBotCooldown	1
PlayerPathScientistScanBotDeployed	1
PlayerPathScientistScanBotDespawned	1
PlayerPathScientistScanStart	1
PlayerPathShow	1
PlayerPathShowWithData	1
PlayerPathUpdate	1
PlayerRealmName	1
PlayerRoll	1
PluginManagerMessage	1
PluginManagerSearchSelected	1
PlugPreviewClose	1
PlugPreviewOpen	1
PotatoEditor	1
PotatoReset	1
PotatoResetPopulate	1
PotatoSettings	1
ProgressClickWindowCompletionLevel	1
PublicEventInitiateVote	1
PublicEventUnitUpdate	1
PvP_CTF_FlagCollected	1
PvP_CTF_FlagDropped	1
PvP_CTF_FlagRecovered	1
PvP_CTF_FlagSocketed	1
PvP_CTF_FlagSpawned	1
PvP_CTF_FlagStolen	1
PvP_CTF_FlagStolenDroppedCollected	1
PVPMatchTeamInfoUpdated	1
QuestTrackChanged	1
QueueView_ShowMenu	1
QuitNowInterfaceMenuClick	1
RaiderinoInterfaceMenuClick	1
RaidLooterInterfaceList	1
RaidOpsChatBidding	1
RaidOpsLootHexAssignThisItem	1
RaidOpsNetworkBidding	1
RCSFire	1
RealPingToggle	1
ReceivedMessageEvent	1
RefreshInventoryBags	1
RefreshMail	1
ReloadUI	1
Reloadui_button	1
RemoveVarFromRover	1
RepairEverything	1
ReportProgress	1
RepTrak_Toggle	1
RequestStatistics	1
ResourceConversionOpen	1
RPCore_TraitChanged	1
RuneMaster_Show	1
Saikou:Cards_BattleComplete	1
Saikou:Cards_BattleStart	1
Saikou:Cards_MiniButton	1
Saikou:Cards_ShowPlayerCollection	1
Saikou:Cards_ShowPlayerStatistics	1
SalvageItemRequested	1
SAmotesInterfaceMenuEvent	1
ScientistExperimentationResult	1
ScriptResurrect	1
SendVarToML	1
SendVarToRover	1
Serenity_HUD_Config	1
SetProgressClickTimes	1
SettlerCACHEButtonInterfaceList	1
SGBFire	1
ShieldsOverloaded	1
ShowCommDisplay	1
ShowConfigWindow	1
ShowFFMenu	1
ShowIncapacitationBar	1
ShowKiruTweaks	1
ShowOptionsMenuInterface	1
ShowSCMenu	1
ShowTwinkiePlatesConfigurationWnd	1
ShowWatcherWindow	1
SimpleTimer_ShowHide	1
SlimRuneInterfaceMenuClick	1
SocialWindowHasBeenClosed	1
SpaceStashCore_OpenOptions	1
SpecInspectResponseBusy	1
SpecInspectResponseFailure	1
SpecInspectResponseSuccess	1
SpellEffectCast	1
SprintEnergyUpdated	1
SprintMeterPlusMenuClick	1
sskInterfaceMenuClicked	1
StatsPanelOn	1
StatView_ShowMenu	1
StopTalkingCommDisplay	1
SuggestedContent_ShowMatch	1
SupplySatchelClosed	1
SupplySatchelOpen	1
TapThatInterfaceList	1
TargetSpyMenuClicked	1
TargetView_ShowMenu	1
TelegraphFlasher_Config	1
Test_MouseReturnSignal	1
ThrottledEvent	1
ToggleAchievementsFromHUD	1
ToggleAchievementWindow	1
ToggleAddon_NN	1
ToggleAddon_Revisit	1
ToggleAltStar	1
ToggleAMPBuilds	1
ToggleBank	1
ToggleCensus	1
ToggleChallengesWindow	1
ToggleChatLinksHistory	1
ToggleCodex	1
ToggleContractOptions	1
ToggleContractor	1
ToggleContractorOptions	1
ToggleCurrencyMonitor	1
ToggleEntSpy	1
ToggleEntSpyEnable	1
ToggleFLexFurnish	1
ToggleForgottenChatConversations	1
ToggleFrozenPortraits	1
ToggleGalacticArchiveWindow	1
ToggleGalaxyMeter	1
ToggleGeminiConsole	1
ToggleGeneralist	1
ToggleGuild	1
ToggleGuildGrudge	1
ToggleGuildMail	1
ToggleHephaestusCraftQueue	1
ToggleJabbitholeWindow	1
ToggleKillroy	1
ToggleKiruChallenge	1
ToggleLiveStats	1
ToggleLoggerWindow	1
ToggleLUIHoldem	1
ToggleMenu	1
ToggleMountIt	1
ToggleMrFancyPants	1
ToggleMyAddon	1
ToggleNavMateOptionsWindow	1
ToggleNSkillSwap	1
ToggleOdyssey	1
ToggleOpenHouse	1
ToggleOptionsWindow	1
TogglePerspective	1
ToggleProgressLog	1
ToggleQuestLog	1
ToggleQuestOptions	1
ToggleRareTimer	1
ToggleRevengeWindow	1
ToggleRoverWindow	1
ToggleShowContracts	1
ToggleShowEssenceTracker	1
ToggleShowQuests	1
ToggleShowTrackedLoot	1
ToggleStopWatch	1
ToggleTankie	1
ToggleTextDisplayForm	1
ToggleTrackTor	1
ToggleTradeskillInventoryFromBag	1
ToggleTradeSkillsInventory	1
ToggleTranslator	1
ToggleWDILWindow	1
ToggleWelcomeWindow	1
ToggleWhoWindow	1
TrackThatInterfaceList	1
TradeskillAchievementComplete	1
TradeSkills_Learned	1
UnavailableMail	1
UnitDestoryed	1
UnitEnteredIdle	1
UnitOcclusionChanged	1
UnitTargetChanged	1
UnTargetedByUnit	1
UpdateFormationToolTip	1
UpdateGearScore	1
UpdateRewardProperties	1
UpdateSupplySatchelTooltips	1
VAEC_IsLoaded	1
VAEC_RegisterAddon	1
VECM_ToggleOptions	1
VFM_ToggleOptions	1
ViragsMultibuyer	1
VLM_ToggleOptions	1
VortexMeter_Toggle	1
VSRS_ToggleOptions	1
VSW_ToggleRunningState	1
WarPartyBattleClose	1
WarPartyBattleOpen	1
WelcomeWindow_Closed	1
WelcomeWindow_Loaded	1
WelcomeWindow_Open	1
WelcomeWindow_RequestParent	1
WelcomeWindow_Toggle	1
WhatToDoMenuClicked	1
WillYouBeMyNeighborOn	1
WindowMove	1
WorldChanged	1
WSRPHousing_InterfaceMenu	1
WSRPHousing_UpdateAnouncement	1
XPSConfigOnSave	1
YACMInterfaceList	1
