source_table,source_id,source_name,chosen_creature2_id,decision,reason,reviewer,reviewed_at
creatures,244,Yeti Snowstalker,11945,approved,northern_wilds_yeti_review: exact-name level-3 faction-1208 challenger row with fixed 442 health; prefer base bruiser over survivor duplicate 51126 until spawn-group evidence is mapped,Codex Northern Wilds review,2026-05-25
creatures,1073,Deadeye Brightland,11063,approved,next_slice_dm_fnd_001: existing_entity_spatial nearest 1.031 and world426 area597 coordinates 4368/4370/5142 support Q3479/Q3480/Q3668/Q3673/Q3963 starter and receiver relations,Codex DM-FND review,2026-06-17
creatures,3367,Mondo Zax,24187,approved,next_slice_dm_fnd_001: existing_entity_spatial nearest 1.155 and world870 area1885 coordinates support Q5597 and Q5573 starter/finisher relations plus Quest2 giver/receiver evidence,Codex DM-FND review,2026-06-17
creatures,3385,Kezrek Warbringer,24158,approved,next_slice_dm_fnd_001: existing_entity_spatial nearest 0.728 and world870 area1284 coordinates support Q5575/Q5580 starter/receiver relations and Crimson Isle receiver fallback,Codex DM-FND review,2026-06-17
creatures,3382,Power Regulator,24999,approved,next_slice_dm_fnd_001: existing_entity_spatial nearest 0.541 and three world870 area1217 coordinates support Q5573/Q5575 checklist objective relations,Codex DM-FND review,2026-06-17
creatures,3462,Chua Explosives,24286,approved,q5597_chua_explosives_review: QuestObjective8256 VirtualCollect data364 count6 reward-pane TargetGroup4373 contains Creature2 24286; DataMapping source creature3462 has one current Creature2 candidate 24286 and 30 world870 area1218 source coordinates; CrimsonIsleMapScript fallback-spawns those positions and Q5597ChuaExplosivesEntityScript filters Creature2 24286 and credits virtual item364 while Q5597 is accepted; client activation density respawn reward achievement and chain smoke remain blocked,Codex Q5597 bridge review,2026-06-19
creatures,619,Master Control Panel,11194,approved,next_slice_dm_fnd_001: existing_entity_spatial nearest 1.093 and world426 area852 coordinate 2501 supports Q3486 starter/finisher and Q3667/Q3486 panel fallback,Codex DM-FND review,2026-06-17
creatures,1090,Ship Controls,27196,approved,next_slice_dm_fnd_001: existing_entity_spatial nearest 0.856 and world426 area602 coordinates 5168/40678 support Q3963 activate objective and ship-controls fallback,Codex DM-FND review,2026-06-17
creatures,201,Deadeye Brightland,16622,approved,next_slice_dm_fnd_001: existing_entity_spatial nearest 0.362 and world51 area23 coordinates support the Galeras Deadeye receiver relation for Q3963 without reusing the Northern Wilds Deadeye bridge,Codex DM-FND review,2026-06-17
creatures,752,Bosun Redmark,11062,approved,next_slice_dm_fnd_001: existing_entity_spatial nearest 0.620 and world426 area645 coordinate 2956 support Q3479 starter relation and Bosun fallback spawn,Codex DM-FND review,2026-06-17
creatures,104,Rootbrute Grimspore,12212,approved,next_slice_dm_fnd_001: existing_entity_spatial nearest 1.136 with 81 spatial matches and 21 entity matches plus Q3797 TargetGroup 1177/6406 and focused kill-credit/fallback-spawn tests support the reviewed objective relation,Codex DM-FND review,2026-06-17
creatures,18294,Kuralak the Defiler,52969,approved,pe_bridge_review: existing_entity_spatial nearest 0.776 with 13 spatial matches and 1 entity matches; supports public event 159:From Archives into Armies; priority 5539,Codex PE bridge review,2026-06-17
creatures,25826,Gloomclaw,30498,approved,pe_bridge_review: existing_entity_spatial nearest 1.633 with 16 spatial matches and 1 entity matches; supports public event 157:Reconstructive Memory Dive; priority 2386,Codex PE bridge review,2026-06-17
creatures,720,Aethros,32703,approved,pe_bridge_review: existing_entity_spatial nearest 3.779 with 74 spatial matches and 1 entity matches; supports public event 145:The Birth of a Corrupted God; priority 2321,Codex PE bridge review,2026-06-17
creatures,28283,Bev-O-Rage,61463,approved,pe_bridge_review: existing_entity_spatial nearest 0.374 with 74 spatial matches and 1 entity matches; supports public event 594:Ultimate Protogames; priority 2237,Codex PE bridge review,2026-06-17
creatures,3077,Aethros,32703,approved,pe_bridge_review: existing_entity_spatial nearest 3.779 with 69 spatial matches and 1 entity matches; supports public event 145:The Birth of a Corrupted God; priority 2176,Codex PE bridge review,2026-06-17
creatures,1929,Forgemaster Trogun,32531,approved,pe_bridge_review: existing_entity_spatial nearest 10.131 with 42 spatial matches and 1 entity matches; supports public event 161:Forging an Armageddon; priority 1969,Codex PE bridge review,2026-06-17
creatures,1933,Slavemaster Drokk,32536,approved,pe_bridge_review: existing_entity_spatial nearest 5.546 with 70 spatial matches and 1 entity matches; supports public event 161:Forging an Armageddon; priority 1835,Codex PE bridge review,2026-06-17
creatures,27408,Avatus,30505,approved,pe_bridge_review: existing_entity_spatial nearest 0.700 with 1 spatial matches and 1 entity matches; supports public event 157:Reconstructive Memory Dive; priority 1621,Codex PE bridge review,2026-06-17
creatures,1315,Grond the Corpsemaker,32534,approved,pe_bridge_review: existing_entity_spatial nearest 17.270 with 6 spatial matches and 1 entity matches; supports public event 161:Forging an Armageddon; priority 1524,Codex PE bridge review,2026-06-17
creatures,25654,Grand Warmonger Tar'gresh,48177,approved,pe_bridge_review: existing_entity_spatial nearest 1.578 with 64 spatial matches and 1 entity matches; supports public event 157:Reconstructive Memory Dive; priority 1482,Codex PE bridge review,2026-06-17
creatures,25669,Frostbringer Warlock,31674,approved,pe_bridge_review: existing_entity_spatial nearest 1.088 with 66 spatial matches and 1 entity matches; supports public event 157:Reconstructive Memory Dive; priority 1126,Codex PE bridge review,2026-06-17
creatures,3642,Blazing Crewman,46714,approved,pe_bridge_review: existing_entity_spatial nearest 0.921 with 89 spatial matches and 2 entity matches; supports public event 390:Shiphand: Space Madness; priority 991,Codex PE bridge review,2026-06-17
creatures,28294,Bev-O-Rage,61463,approved,pe_bridge_review: existing_entity_spatial nearest 0.374 with 83 spatial matches and 1 entity matches; supports public event 594:Ultimate Protogames; priority 683,Codex PE bridge review,2026-06-17
creatures,25807,Grand Warmonger Tar'gresh,48177,approved,pe_bridge_review: existing_entity_spatial nearest 6.902 with 10 spatial matches and 1 entity matches; supports public event 157:Reconstructive Memory Dive; priority 158,Codex PE bridge review,2026-06-17
creatures,25891,Gloomclaw,30498,approved,pe_bridge_review: existing_entity_spatial nearest 4.004 with 2 spatial matches and 1 entity matches; supports public event 157:Reconstructive Memory Dive; priority 88,Codex PE bridge review,2026-06-17
creatures,92,Security Control Panel,46092,approved,pe_bridge_review: existing_entity_spatial nearest 5.812 with 1 spatial matches and 1 entity matches; supports public event 390:Shiphand: Space Madness; priority 25,Codex PE bridge review,2026-06-17
creatures,4653,Captain Milo,41201,approved,pe_bridge_review: existing_entity_spatial nearest 1.455 with 1 spatial matches and 1 entity matches; supports public event 108:Outpost M-13; priority 22,Codex PE bridge review,2026-06-17
creatures,1046,Launch Pad,31587,approved,stormtalon_pe_bridge_review: world382 area271 coordinates 4296/4297 match Launch Pad entity_type10 with Creature2 31587 level1 simple row and PE145 relation 15; unblocks Stormtalon launch-pad bridge pending spawn and client smoke,Codex PE bridge review,2026-06-17
creatures,1345,Axis Pheydra,37434,approved,stormtalon_pe_bridge_review: world382 area271 coordinate 5694 matches Axis Pheydra Creature2 37434 faction219 level20 nonplayer row for PE145 relation 57; keeps other same-name candidates blocked pending client smoke,Codex PE bridge review,2026-06-17
creatures,760,Improvement Construction Platform,27244,approved,stormtalon_pe_bridge_review: world382 area271 coordinate 2975 maps the PE145 platform relation to Creature2 27244; StormtalonsLairEventScript spawns entity 1100038242 at WorldLocation2 20740 and focused tests cover objectives 558/4867 activation credit; remaining route visuals and client smoke stay blocked,Codex PE bridge review,2026-06-17
creatures,5045,Belle Walker,47063,approved,stormtalon_pe_bridge_review: world382 area271 coordinate 27299 maps PE145 Belle Walker to Creature2 47063 and build 16042 TargetGroup 6522 pairs 47063 with Axis Pheydra 47062 for blank TalkTo objective 1692; bridge reviewed only while repeat/dialog semantics and client smoke remain blocked,Codex PE bridge review,2026-06-17
creatures,28533,Gate Console,62427,approved,ultimate_protogames_gate_console_review: build16042 objective 2847 TargetGroup10569 uses Creature2 62987 while Jabbithole PE299 objective8177 coordinate6152099 places world2980 area4333 Gate Console source row 28533; runtime script spawns reviewed placement 62427 and accepts 62987/62427 with focused Prototentiary tests; client door choreography smoke remains blocked,Codex Ultimate Protogames bridge review,2026-06-18
creatures,28535,Cage Console,63037,approved,ultimate_protogames_cage_console_review: PE594 relation2245 unique-name maps source creature28535 to Creature2 63037; build16042 objective2864 and aggregate/timed rows2678 2863 and2858 use TargetGroup10583 with sole Creature2 63037; objective2864 uses WorldLocation2 41759 and count1; Jabbithole PE299 coordinate6152147 places source creature28535 in world2980 area4333 at the runtime cage console position -20703/-945/-6926; SneakyPrisonCageConsoleEntityScript filters Creature2 63037 and credits TargetGroup10583 once while exact cage release door stealth timer rewards medals and client smoke remain blocked,Codex Ultimate Protogames bridge review,2026-06-19
creatures,28413,Warden,62324,approved,ultimate_protogames_warden_review: build16042 objective 2678 TargetGroup12474 uses Creature2 62324 for the Warden leg; Jabbithole PE299 creature 28413 has repeated world2980 area4333 coordinates around -20718/-945/-6923 matching the runtime Warden spawn and stats; WardenEntityScript credits objective 2678 while stealth timer and client smoke remain blocked,Codex Ultimate Protogames bridge review,2026-06-19
creatures,28306,Mondo's Monstrosity,62575,approved,ultimate_protogames_mondos_monstrosity_review: PE594 relation2415 scored-name maps source creature28306 to Creature2 62575; build16042 objective2926 TargetGroup10657 has sole Creature2 62575 and objective2941 shares WorldLocation2 41745; Jabbithole PE299 creature28306 has repeated world2980 area4351 coordinates around -16501/-910/-10991 matching the runtime spawn and stats; MondosMonstrosityEntityScript credits objectives2926 and2941 while timed qualification route rewards medals and client smoke remain blocked,Codex Ultimate Protogames bridge review,2026-06-19
creatures,28277,Mondo's Crate,62549,approved,ultimate_protogames_mondos_crate_review: PE594 relation2184 unique-name maps source creature28277 to Creature2 62549; build16042 objective2920 is the Mondo's Crate script objective at WorldLocation2 41745 and TargetGroup10666 has sole Creature2 62549; Jabbithole PE299 coordinate6132219 places source creature28277 in world2980 area4351 at the runtime crate position -16500/-910/-10998 with matching stats; MondosCrateEntityScript filters Creature2 62549 and credits objective2920 while exact timer route rewards medals and client smoke remain blocked,Codex Ultimate Protogames bridge review,2026-06-19
creatures,28278,Gilded Fowl,63055,approved,ultimate_protogames_gilded_fowl_review: PE594 relation2185 unique-name maps source creature28278 to Creature2 63055; build16042 objectives2862 and4442 target TargetGroup12263 with sole Creature2 63055; Jabbithole PE299 coordinate8011506 places source creature28278 in world2980 area4347 at the runtime Gilded Fowl position -21242/-807/-10806 with matching stats; GildedFowlEntityScript filters Creature2 63055 and credits objectives2862 and4442 while exact Power Plunge scoring route rewards medals and client smoke remain blocked,Codex Ultimate Protogames bridge review,2026-06-19
creatures,28290,Misplaced Mammoth,63312,approved,ultimate_protogames_misplaced_mammoth_review: PE594 relation2188 unique-name maps source creature28290 to Creature2 63312; build16042 objective4692 TargetGroup12577 has sole Creature2 63312 and WorldLocation2 41745; Jabbithole PE299 coordinate8469464 places source creature28290 in world2980 area4351 at the runtime Misplaced Mammoth position -16482/-910/-10996 with matching stats; MisplacedMammothEntityScript filters Creature2 63312 and credits objective4692 while exact quick-reflexes route timer rewards medals and client smoke remain blocked,Codex Ultimate Protogames bridge review,2026-06-19
creatures,28408,Ruffles,65794,approved,ultimate_protogames_ruffles_review: PE594 relation2217 unique-name maps source creature28408 to Creature2 65794; build16042 objective4561 Hunt Ruffles targets TargetGroup12390 with sole Creature2 65794; Jabbithole PE299 coordinate7930052 places source creature28408 in world2980 area4348 at the runtime Ruffles position -16866/-802/5570 with matching stats; RufflesEntityScript filters Creature2 65794 and credits objective4561 while exact hunt route pathing rewards medals and client smoke remain blocked,Codex Ultimate Protogames bridge review,2026-06-19
creatures,28491,Malfunctioning Yellow Tank,62546,approved,ultimate_protogames_malfunctioning_yellow_tank_review: PE594 relation2232 unique-name maps source creature28491 to Creature2 62546; build16042 objectives2676 2868 2869 and2872 use TargetGroup12671 with Creature2 members 62542 62543 and62546; Jabbithole PE299 coordinate6144867 places source creature28491 in world2980 area4336 at the runtime Yellow Tank position -29077/-938/1552 with matching stats; MalfunctioningTankEntityScript filters Creature2 62542 62543 and62546 and credits the tank objectives while exact tank-room timer 50-percent incinerate route rewards medals and client smoke remain blocked,Codex Ultimate Protogames bridge review,2026-06-19
creatures,32287,Malfunctioning Yellow Tank,62546,approved,ultimate_protogames_malfunctioning_yellow_tank_duplicate_review: PE594 relation2628 duplicate source row maps source creature32287 to Creature2 62546; build16042 objectives2676 2868 2869 and2872 use TargetGroup12671 with Creature2 members 62542 62543 and62546; Jabbithole PE299 coordinate7806864 places source creature32287 in world2980 at the same runtime Yellow Tank position -29077/-938/1552 with matching level50 health1563977 shield0 interruptarmor-1 and faction1322 as reviewed relation2232; MalfunctioningTankEntityScript filters Creature2 62542 62543 and62546 and credits the tank objectives while exact tank-room timer 50-percent incinerate route rewards medals and client smoke remain blocked,Codex Ultimate Protogames bridge review,2026-06-19
creatures,28496,Wrecked Blue Tank,62543,approved,ultimate_protogames_wrecked_blue_tank_review: PE594 relation2234 unique-name maps source creature28496 to Creature2 62543; build16042 objectives2676 2868 2869 and2872 use TargetGroup12671 with Creature2 members 62542 62543 and62546; Jabbithole PE299 coordinate6145453 places source creature28496 in world2980 area4336 at the runtime Blue Tank position -29015/-938/1544 with matching stats; MalfunctioningTankEntityScript filters Creature2 62542 62543 and62546 and credits the tank objectives while exact tank-room timer 50-percent incinerate route rewards medals and client smoke remain blocked,Codex Ultimate Protogames bridge review,2026-06-19
creatures,28516,Busted Red Tank,62542,approved,ultimate_protogames_busted_red_tank_review: PE594 relation2243 unique-name maps source creature28516 to Creature2 62542; build16042 objectives2676 2868 2869 and2872 use TargetGroup12671 with Creature2 members 62542 62543 and62546; Jabbithole PE299 coordinate6150582 places source creature28516 in world2980 area4336 at the runtime Red Tank position -29052/-938/1497 with matching stats; MalfunctioningTankEntityScript filters Creature2 62542 62543 and62546 and credits the tank objectives while exact tank-room timer 50-percent incinerate route rewards medals and client smoke remain blocked,Codex Ultimate Protogames bridge review,2026-06-19
creatures,48,Datapad,45993,approved,space_madness_datapad_review: PE390 objective1596 Crew Datapads maps object6384 TargetGroup6384 to Creature2 45993; Jabbithole creature48 is only used by PE390 relation19 and world2149 area2416 Datapad spawn evidence; CrewDatapadEntityScript and focused Space Madness tests pin 45993 target-group checklist credit; spawn import and client smoke remain blocked,Codex Space Madness bridge review,2026-06-18
creatures,3634,Hazmat Suit,45981,approved,space_madness_hazmat_suit_review: PE390 relation145 scored-name maps source creature3634 to Creature2 45981; objective1656 reward-pane TargetGroup6362 has sole member 45981; SpaceMadnessEventScript spawns HazmatSuit 45981 and HazmatSuitEntityScript filters 45981/direct-credits objective1656; source coordinate evidence is world2149 area2417 while runtime phase placement uses area2415 so spawn placement smoke remains blocked,Codex Space Madness bridge review,2026-06-18
creatures,3635,Engineering Computer,45973,approved,space_madness_engineering_computer_review: PE390 relation146 unique-name maps source creature3635 to Creature2 45973; objective1603 TargetGroup6372 has sole member 45973; SpaceMadnessEventScript spawns the all-clear EngineeringComputer 45973 and EngineeringComputerEntityScript filters 45973/credits TargetGroup6372; world2149 area2421 coordinate evidence aligns with the runtime phase placement; client timing reward and full smoke remain blocked,Codex Space Madness bridge review,2026-06-18
creatures,3638,Air Scrubber Controls,46437,approved,space_madness_air_scrubber_controls_review: PE390 relation147 unique-name maps source creature3638 to Creature2 46437; objective1595 TargetGroup6371 contains MainVentLever 45861 and AirScrubberControls 46437; AirScrubberControlsEntityScript filters 45861/46437 and credits TargetGroup6371; world2149 area2421 coordinate evidence aligns with the Space Madness lab context; MainVentLever bridge and objective2115 timer/wave/full smoke remain separate blockers,Codex Space Madness bridge review,2026-06-18
creatures,28141,Slinking Slank,69899,approved,space_madness_slinking_slank_review: PE390 relation2033 unique-name maps source creature28141 to Creature2 69899; build16042 objective4709 object TargetGroup12595 has sole member 69899; ExperimentalSlankEntityScript filters 69899 and credits TargetGroup12595 plus parent CollectEscapedCreatures; spawn import and client smoke remain blocked,Codex Space Madness bridge review,2026-06-18
creatures,28112,Talking Rockmite,69900,approved,space_madness_talking_rockmite_review: PE390 relation2020 unique-name maps source creature28112 to Creature2 69900; build16042 objective4710 object TargetGroup12596 has sole member 69900 and parent objective4712; ExperimentalRockmiteEntityScript filters 69900 and credits TargetGroup12596 plus parent CollectEscapedCreatures; 85 world2149 area2414 source coordinates map to 69900; spawn import and client smoke remain blocked,Codex Space Madness bridge review,2026-06-18
creatures,28093,Party Down-Grazer,69901,approved,space_madness_party_downgrazer_review: PE390 relation2017 unique-name maps source creature28093 to Creature2 69901; build16042 objective4711 object TargetGroup12597 has sole member 69901 and parent objective4712; PartyDowngrazerEntityScript filters 69901 and credits TargetGroup12597 plus parent CollectEscapedCreatures; 71 world2149 area2414 source coordinates map to 69901; spawn import and client smoke remain blocked,Codex Space Madness bridge review,2026-06-18
creatures,332,Major Lee Barmy,45812,approved,space_madness_major_lee_barmy_review: PE390 relation23 unique-name maps source creature332 to Creature2 45812; objective1588 TargetGroup6358 has sole member 45812; MajorLeeBarmyEntityScript filters 45812 and credits TargetGroup6358; separate same-target source creature28252 relation2120 and live placement smoke remain untouched; spawn import phase timing and client smoke remain blocked,Codex Space Madness bridge review,2026-06-18
creatures,392,Writhing Nightmare,46123,approved,space_madness_writhing_nightmare_review: PE390 relation25 ambiguous-name maps source creature392 to Creature2 46123; objective1590 reward-pane TargetGroup6402 nests TargetGroup6400 containing 46123; SavePanickedWorkersNightmareEntityScript filters 46123 and credits objective1590; separate same-name source creature28046 relation2009 is reviewed by the Prime bridge slice and remains runtime/client-smoke blocked; spawn import panicked-worker timing and client smoke remain blocked,Codex Space Madness bridge review,2026-06-18
creatures,446,Ravenous Nightmare,46133,approved,space_madness_ravenous_nightmare_review: PE390 relation26 scored-name maps source creature446 to Creature2 46133; objective1590 reward-pane TargetGroup6402 nests TargetGroup6401 containing 46133; SavePanickedWorkersNightmareEntityScript filters 46133 and credits objective1590; separate same-name source creature28076 relation2013 is reviewed by the Prime bridge slice and remains runtime/client-smoke blocked; spawn import panicked-worker timing and client smoke remain blocked,Codex Space Madness bridge review,2026-06-18
creatures,979,Observation Deck Computer,45972,approved,space_madness_observation_deck_computer_review: PE390 relation27 unique-name maps source creature979 to Creature2 45972; objective1589 TargetGroup6356 has sole member 45972; SpaceMadnessEventScript spawns reviewed entity1100300007 and ObservationDeckComputerEntityScript filters 45972 and credits TargetGroup6356 once; WIP coordinate precision and client smoke remain blocked,Codex Space Madness bridge review,2026-06-18
creatures,1097,Captain Tero,45900,approved,space_madness_captain_tero_review: PE390 relation28 scored-name maps source creature1097 to Creature2 45900; objective1579 TargetGroup6342 has sole member 45900; SpaceMadnessEventScript spawns reviewed entity1100300005 and CaptainTeroEntityScript filters 45900 and credits TargetGroup6342; duplicate same-target source creature28243 relation2117 reviewed in companion override; WIP placement and client smoke remain blocked,Codex Space Madness bridge review,2026-06-18
creatures,28243,Captain Tero,45900,approved,space_madness_captain_tero_duplicate_review: PE390 relation2117 scored-name maps source creature28243 to Creature2 45900 at the same world2149 area2483 placement as relation28; objective1579 TargetGroup6342 has sole member 45900; SpaceMadnessEventScript spawns reviewed entity1100300005 and CaptainTeroEntityScript filters 45900 and credits TargetGroup6342; WIP placement and client smoke remain blocked,Codex Space Madness bridge review,2026-06-18
creatures,1121,Rending Nightmare,46130,approved,space_madness_rending_nightmare_review: PE390 relation29 scored-name maps source creature1121 to Creature2 46130; objective1590 reward-pane TargetGroup6402 nests TargetGroup6400 containing 46130; SavePanickedWorkersNightmareEntityScript filters 46130 and credits objective1590; separate same-name source creature28035 relation2006 is reviewed by the Prime bridge slice and remains runtime/client-smoke blocked; spawn import panicked-worker timing and client smoke remain blocked,Codex Space Madness bridge review,2026-06-18
creatures,1128,Shocking Nightmare,46126,approved,space_madness_shocking_nightmare_review: PE390 relation30 scored-name maps source creature1128 to Creature2 46126; objective1590 reward-pane TargetGroup6402 nests TargetGroup6400 containing 46126; SavePanickedWorkersNightmareEntityScript filters 46126 and credits objective1590; separate same-name source creature28172 relation2038 remains untouched; spawn import panicked-worker timing and client smoke remain blocked,Codex Space Madness bridge review,2026-06-18
creatures,1189,Horrifying Nightmare,46132,approved,space_madness_horrifying_nightmare_review: PE390 relation31 ambiguous-name maps source creature1189 to Creature2 46132; objective1590 reward-pane TargetGroup6402 nests TargetGroup6401 containing 46132; SavePanickedWorkersNightmareEntityScript filters 46132 and credits objective1590; separate same-name source creature28148 relation2034 remains untouched; spawn import panicked-worker timing and client smoke remain blocked,Codex Space Madness bridge review,2026-06-18
creatures,884,Looming Nightmare,46135,approved,space_madness_looming_nightmare_review: PE390 relation155 scored-name maps source creature884 to Creature2 46135; objective1590 reward-pane TargetGroup6402 nests TargetGroup6401 containing 46135; SavePanickedWorkersNightmareEntityScript filters 46135 and credits objective1590; separate same-name source creature28114 relation2021 remains untouched; spawn import panicked-worker timing and client smoke remain blocked,Codex Space Madness bridge review,2026-06-18
creatures,3628,Gnarled Nightmare,58783,approved,space_madness_gnarled_nightmare_review: PE390 relation144 scored-name maps source creature3628 to Creature2 58783; objective1590 reward-pane TargetGroup6402 nests TargetGroup6401 containing 58783; SavePanickedWorkersNightmareEntityScript filters 58783 and credits objective1590; separate same-name source creature28121 relation2026 remains untouched; spawn import panicked-worker timing and client smoke remain blocked,Codex Space Madness bridge review,2026-06-18
creatures,3670,Hookfoot Nightmare,46721,approved,space_madness_hookfoot_nightmare_review: PE390 relation157 scored-name maps source creature3670 to Creature2 46721; objective1590 reward-pane TargetGroup6402 nests TargetGroup6401 containing 46721; SavePanickedWorkersNightmareEntityScript filters 46721 and credits objective1590; separate same-name source creature28166 relation2035 remains untouched; spawn import panicked-worker timing and client smoke remain blocked,Codex Space Madness bridge review,2026-06-18
creatures,3674,Metallic Nightmare,58798,approved,space_madness_metallic_nightmare_review: PE390 relation158 ambiguous-name maps source creature3674 to Creature2 58798; objective1590 reward-pane TargetGroup6402 nests TargetGroup6401 containing 58798; SavePanickedWorkersNightmareEntityScript filters 58798 and credits objective1590; separate same-name source creature28077 relation2312 remains untouched; spawn import panicked-worker timing and client smoke remain blocked,Codex Space Madness bridge review,2026-06-18
creatures,39,Stinging Nightmare,46124,approved,space_madness_stinging_nightmare_review: PE390 relation18 maps source creature39 only to Creature2 46124; objective1590 reward-pane TargetGroup6402 nests TargetGroup6400 containing 46124; SavePanickedWorkersNightmareEntityScript filters 46124 and credits objective1590; spawn import panicked-worker timing and client smoke remain blocked,Codex Space Madness bridge review,2026-06-18
creatures,64,Venomous Nightmare,46128,approved,space_madness_venomous_nightmare_review: PE390 relation20 maps source creature64 only to Creature2 46128; objective1590 reward-pane TargetGroup6402 nests TargetGroup6400 containing 46128; SavePanickedWorkersNightmareEntityScript filters 46128 and credits objective1590; spawn import panicked-worker timing and client smoke remain blocked,Codex Space Madness bridge review,2026-06-18
creatures,205,Verminous Nightmare,46131,approved,space_madness_verminous_nightmare_review: PE390 relation22 unique-name maps source creature205 only to Creature2 46131; objective1590 reward-pane TargetGroup6402 nests TargetGroup6400 containing 46131; SavePanickedWorkersNightmareEntityScript filters 46131 and credits objective1590; spawn import panicked-worker timing and client smoke remain blocked,Codex Space Madness bridge review,2026-06-18
creatures,389,Electrifying Nightmare,46127,approved,space_madness_electrifying_nightmare_review: PE390 relation24 maps source creature389 only to Creature2 46127; objective1590 reward-pane TargetGroup6402 nests TargetGroup6400 containing 46127; SavePanickedWorkersNightmareEntityScript filters 46127 and credits objective1590; separate same-name source creature28128 relation2029 remains untouched; spawn import panicked-worker timing and client smoke remain blocked,Codex Space Madness bridge review,2026-06-18
creatures,3645,Exact Change 3.0,46483,approved,space_madness_exact_change_30_review: PE390 relation151 unique-name maps source creature3645 to Creature2 46483; objective1593 is direct KillEventObjectiveUnit count10 for Hallucinating Livestock; SpaceMadnessEventScript spawns Exact Change 3.0 entity1100300009 on phase4 and HallucinatingLivestockEntityScript filters 46483 and credits objective1593; 94 world2149 area2416 source coordinates map to 46483; combat rewards medals and client smoke remain blocked,Codex Space Madness bridge review,2026-06-18
creatures,28116,Exact Change 3.1,69204,approved,space_madness_exact_change_31_review: PE390 relation2023 unique-name maps source creature28116 to Creature2 69204; source and client rows are level50 difficulty5 candidate_count1; 59 world2149 area2416 source coordinates and Q9883 Deconstruction relation8027 plus contract relation1112 also map 28116 to 69204; spell rows share the Exact Change 3.x ability family; runtime Space Madness phase spawn and objective-credit behavior for 69204 remain blocked pending Prime contract client smoke,Codex Space Madness bridge review,2026-06-18
creatures,3643,Maddened Roanstag,45726,approved,space_madness_maddened_roanstag_review: PE390 relation149 scored-name maps normal level32 source creature3643 to Creature2 45726; 63 world2149 area2421 source coordinates and spells Headbutt Ram Bucking Frenzy support the bridge; separate level50 same-name source creature28134 relation2119 maps to Creature2 69138 and remains untouched; runtime phase spawn objective-credit rewards medals and client smoke remain blocked,Codex Space Madness bridge review,2026-06-18
creatures,3654,Hallucinating Cubig,45724,approved,space_madness_hallucinating_cubig_review: PE390 relation152 scored-name maps normal level32 source creature3654 to Creature2 45724; 66 world2149 area2421 source coordinates and spells Chomp Bite Bruising Rush Pulverizing Vault support the bridge; separate level50 same-name source creature28092 relation2016 is reviewed by the Prime bridge slice to Creature2 69137; runtime phase spawn objective-credit rewards medals and client smoke remain blocked,Codex Space Madness bridge review,2026-06-18
creatures,3663,Eye Nightmare,46723,approved,space_madness_eye_nightmare_review: PE390 relation154 scored-name maps normal level32 source creature3663 to Creature2 46723; 62 world2149 area2416 source coordinates and spells Punch Jab Flourishing Combo Haymaker support the bridge; TargetGroup6449 lists 46723 but no current PE390 objective row in public_event_objective_client_map uses 6449; objective1590/SavePanickedWorkers script evidence remains scoped to TargetGroups6400/6401; separate level50 same-name source creature28023 relation2005 is reviewed by the Prime bridge slice and remains runtime/client-smoke blocked; runtime objective ownership spawn credit rewards medals and client smoke remain blocked,Codex Space Madness bridge review,2026-06-18
creatures,3696,Smoke Nightmare,46722,approved,space_madness_smoke_nightmare_review: PE390 relation160 scored-name maps normal level32 source creature3696 to Creature2 46722; 67 world2149 area2416 source coordinates and spells Jab Punch support the bridge; TargetGroup6449 lists 46722 but no current PE390 objective row in public_event_objective_client_map uses 6449; objective1590/SavePanickedWorkers script evidence remains scoped to TargetGroups6400/6401; separate level50 same-name source creature28115 relation2022 maps to Creature2 69208 and remains untouched; runtime objective ownership spawn credit rewards medals and client smoke remain blocked,Codex Space Madness bridge review,2026-06-18
creatures,3667,Masked Arachnid,46720,approved,space_madness_masked_arachnid_review: PE390 relation156 scored-name maps normal level32 source creature3667 to Creature2 46720; 92 world2149 area2416 source coordinates and spells Pinch Slice support the bridge; TargetGroup6448 lists 46720 but no current PE390 objective row in public_event_objective_client_map uses 6448; separate level50 same-name source creature28170 relation2037 maps to Creature2 69206 and remains untouched; runtime objective ownership spawn credit rewards medals and client smoke remain blocked,Codex Space Madness bridge review,2026-06-18
creatures,3684,Foaming Roandoe,45727,approved,space_madness_foaming_roandoe_review: PE390 relation159 scored-name maps normal level32 source creature3684 to Creature2 45727; 62 world2149 area2419 source coordinates and spells Ram Headbutt Bucking Frenzy support the bridge; TargetGroup6363 lists 45727 with livestock-family rows but no current PE390 objective row in public_event_objective_client_map uses 6363; HallucinatingLivestockEntityScript remains scoped to 46483 and 46714; separate level50 same-name source creature28056 relation2010 is reviewed by the Prime bridge slice and remains runtime/client-smoke blocked; runtime objective ownership spawn credit rewards medals and client smoke remain blocked,Codex Space Madness bridge review,2026-06-18
creatures,3708,Rampaging Oxian,45730,approved,space_madness_rampaging_oxian_review: PE390 relation161 scored-name maps normal level32 source creature3708 to Creature2 45730; 82 world2149 area2419 source coordinates and spells Skull Smash Resounding Charge Ram Bash Bucking Frenzy Overwhelming Bellow support the bridge; TargetGroup6363 lists 45730 with livestock-family rows but no current PE390 objective row in public_event_objective_client_map uses 6363; HallucinatingLivestockEntityScript remains scoped to 46483 and 46714; separate level50 same-name source creature28126 relation2027 maps to Creature2 69140 and remains untouched; runtime objective ownership spawn credit rewards medals and client smoke remain blocked,Codex Space Madness bridge review,2026-06-18
creatures,3686,Violent Oxiancow,45729,approved,space_madness_violent_oxiancow_review: PE390 relation422 scored-name maps normal level32 source creature3686 to Creature2 45729; 91 world2149 area2421 source coordinates and spells Bash Ram Bucking Frenzy Overwhelming Bellow support the bridge; TargetGroups6363 and12672 list 45729 but no current PE390 objective row in public_event_objective_client_map uses them; TargetGroup12677 lists level50 69139 and is also unused by current PE390 objective rows; HallucinatingLivestockEntityScript remains scoped to 46483 and 46714; separate level50 same-name source creature28018 relation2003 is reviewed by the Prime bridge slice and remains runtime/client-smoke blocked; runtime objective ownership spawn credit rewards medals and client smoke remain blocked,Codex Space Madness bridge review,2026-06-18
creatures,3679,Raging Oxianbull,45728,approved,space_madness_raging_oxianbull_review: PE390 relation499 scored-name maps normal level32 source creature3679 to Creature2 45728; 81 world2149 area2419 source coordinates and spells Bash Ram Bucking Frenzy Overwhelming Bellow support the bridge; TargetGroup6363 lists 45728 with livestock-family rows but no current PE390 objective row in public_event_objective_client_map uses 6363; HallucinatingLivestockEntityScript remains scoped to 46483 and 46714; separate level50 same-name source creature28066 relation2011 is reviewed by the Prime bridge slice and remains runtime/client-smoke blocked; runtime objective ownership spawn credit rewards medals and client smoke remain blocked,Codex Space Madness bridge review,2026-06-18
creatures,1039,Enraged Lamp,45866,approved,space_madness_enraged_lamp_review: PE390 relation150 ambiguous-name maps normal level32 source creature1039 to Creature2 45866; 82 world2149 area2416 source coordinates and spells Jab Punch Flourishing Combo Haymaker support the bridge; TargetGroup6343 lists 45866 with hallucination trio members 45879 and 45849 while tied level32 alternative 46724 belongs TargetGroup6449 and no current PE390 objective row uses 6343 or 6449; same-name level50 source creature28168 relation2036 maps to Creature2 69185 and remains ambiguous_name; runtime wave objective ownership spawn credit rewards medals and client smoke remain blocked,Codex Space Madness bridge review,2026-06-18
creatures,3704,Skittish Rowsdower,45723,approved,space_madness_skittish_rowsdower_normal_review: PE390 relation2350 unique-name maps source creature3704 to Creature2 45723 with candidate_count1; 96 world2149 area2419 source coordinates support the bridge; companion source creature28120 relation2025 also maps to Creature2 45723; objective4708 is volatile Rowsdower avoidance with worldLocation37709 and no target group or objective object so runtime owner explosion failure reward medal and client smoke remain blocked,Codex Space Madness bridge review,2026-06-18
creatures,28120,Skittish Rowsdower,45723,approved,space_madness_skittish_rowsdower_duplicate_review: PE390 relation2025 unique-name maps duplicate source creature28120 to Creature2 45723 with candidate_count1; 100 world2149 area2419 source coordinates and Plague Burst spell evidence support the bridge; companion source creature3704 relation2350 also maps to Creature2 45723; objective4708 is volatile Rowsdower avoidance with worldLocation37709 and no target group or objective object so runtime owner explosion failure reward medal and client smoke remain blocked,Codex Space Madness bridge review,2026-06-18
creatures,28252,Major Lee Barmy,45812,approved,space_madness_major_lee_barmy_duplicate_review: PE390 relation2120 unique-name maps duplicate level50 source creature28252 to Creature2 45812 with candidate_count1; existing source creature332 relation23 is already reviewed to Creature2 45812; objective1588 uses TargetGroup6358 with sole member 45812 and MajorLeeBarmyEntityScript filters 45812; SpaceMadnessEventScript spawns reviewed talk NPC entity1100300006 using Creature2 45812 in area2482; duplicate bridge only and runtime spawn objective credit rewards medals and client smoke remain blocked,Codex Space Madness bridge review,2026-06-18
creatures,28006,Smoldering Billow,69168,approved,space_madness_smoldering_billow_prime_review: PE390 relation2002 scored-name maps level50 source creature28006 to Creature2 69168 with exact level50 source/client match and candidate_count2; 93 world2149 area2421 source coordinates and Dice Slashing Strikes Slice Feet of Fury spell evidence support the Prime bridge; TargetGroup12681 lists 69168 with 69169 and 69170 but no current PE390 objective row uses 12681; lower source creature9513 relation2247 remains ambiguous_name to Creature2 48351 and untouched; runtime Prime spawn objective ownership credit rewards medals achievements replay cleanup and client smoke remain blocked,Codex Space Madness bridge review,2026-06-18
creatures,28018,Violent Oxiancow,69139,approved,space_madness_violent_oxiancow_prime_review: PE390 relation2003 scored-name maps level50 source creature28018 to Creature2 69139 with exact level50 source/client match and candidate_count2; 101 world2149 area2419 source coordinates and Ram Bash Bucking Frenzy Overwhelming Bellow spell evidence support the Prime bridge; TargetGroup12677 lists 69139 with Prime livestock and scorched rows but no current PE390 objective row uses 12677; normal source creature3686 relation422 is already reviewed to Creature2 45729; runtime Prime spawn objective ownership credit rewards medals achievements replay cleanup and client smoke remain blocked,Codex Space Madness bridge review,2026-06-18
creatures,28020,Blazing Crewman,69205,approved,space_madness_blazing_crewman_prime_review: PE390 relation2004 scored-name maps level50 source creature28020 to Creature2 69205 with exact level50 source/client match and candidate_count2; 78 world2149 area2416 source coordinates and Arcane Bolt Firestorm Erupting Fissure spell evidence support the Prime bridge; normal source creature3642 relation148 is already reviewed to Creature2 46714 with 89 coordinates TargetGroup6447 and objective1662/script evidence; no targetgroup row currently lists 69205 and no current PE390 objective row owns 69205; runtime Prime spawn objective ownership credit rewards medals achievements replay cleanup and client smoke remain blocked,Codex Space Madness bridge review,2026-06-18
creatures,28023,Eye Nightmare,69209,approved,space_madness_eye_nightmare_prime_review: PE390 relation2005 scored-name maps level50 source creature28023 to Creature2 69209 with exact level50 source/client match and candidate_count2; 61 world2149 area2416 source coordinates and Punch Jab Flourishing Combo Haymaker spell evidence support the Prime bridge; normal source creature3663 relation154 is already reviewed to Creature2 46723 with TargetGroup6449 but no current PE390 objective row uses 6449; no targetgroup row currently lists 69209 and SavePanickedWorkersNightmareEntityScript remains scoped to TargetGroups6400/6401 rows; runtime Prime spawn objective ownership credit rewards medals achievements replay cleanup and client smoke remain blocked,Codex Space Madness bridge review,2026-06-18
creatures,28035,Rending Nightmare,69218,approved,space_madness_rending_nightmare_prime_review: PE390 relation2006 scored-name maps level50 source creature28035 to Creature2 69218 with exact level50 source/client match and candidate_count2; 100 world2149 area2414 source coordinates and Lingering Venom Swipe Rend Caustic Leap spell evidence support the Prime bridge; normal source creature1121 relation29 is already reviewed to Creature2 46130 with objective1590 reward-pane TargetGroup6402 nested TargetGroup6400 and script filter evidence; no targetgroup row currently lists 69218; runtime Prime spawn objective ownership credit rewards medals achievements replay cleanup and client smoke remain blocked,Codex Space Madness bridge review,2026-06-18
creatures,28040,Dark Creeper,69163,approved,space_madness_dark_creeper_prime_review: PE390 relation2008 scored-name maps level50 source creature28040 to Creature2 69163 with exact level50 source/client match and candidate_count2; 56 world2149 area2421 source coordinates and spell evidence 2745 2762 8142 10856 10859 support the Prime bridge; TargetGroup12680 lists 69163 with Prime dark-family rows but no current PE390 objective row uses 12680; normal source creature9512 relation2246 is reviewed by the same Dark Creeper slice to Creature2 48345; runtime spawn objective ownership credit rewards medals achievements replay cleanup and client smoke remain blocked,Codex Space Madness bridge review,2026-06-18
creatures,9512,Dark Creeper,48345,approved,space_madness_dark_creeper_normal_review: PE390 relation2246 scored-name maps normal level32 source creature9512 to Creature2 48345 with exact level32 source/client match and candidate_count2; 95 world2149 area2421 source coordinates and spell evidence 2745 2762 2802 8142 10856 10859 support the bridge; TargetGroup12675 lists 48345 with normal dark-family rows but no current PE390 objective row uses 12675; level50 source creature28040 relation2008 is reviewed by the same Dark Creeper slice to Creature2 69163; runtime spawn objective ownership credit rewards medals achievements replay cleanup and client smoke remain blocked,Codex Space Madness bridge review,2026-06-18
creatures,28046,Writhing Nightmare,69213,approved,space_madness_writhing_nightmare_prime_review: PE390 relation2009 scored-name maps level50 source creature28046 to Creature2 69213 with exact level50 source/client match and candidate_count2; 65 world2149 area2413 source coordinates and spell evidence 2745 2762 8142 10856 10859 support the Prime bridge; normal source creature392 relation25 is already reviewed to Creature2 46123 with objective1590 reward-pane TargetGroup6402 nested TargetGroup6400 and script filter evidence; no targetgroup row currently lists 69213; runtime Prime spawn objective ownership credit rewards medals achievements replay cleanup and client smoke remain blocked,Codex Space Madness bridge review,2026-06-18
creatures,28056,Foaming Roandoe,69171,approved,space_madness_foaming_roandoe_prime_review: PE390 relation2010 scored-name maps level50 source creature28056 to Creature2 69171 with exact level50 source/client match and candidate_count2; 104 world2149 area2419 source coordinates and spell evidence 6382 6422 6423 support the Prime bridge; normal source creature3684 relation159 is already reviewed to Creature2 45727 with TargetGroup6363 but no current PE390 objective row uses 6363; no targetgroup row currently lists 69171; runtime Prime spawn objective ownership credit rewards medals achievements replay cleanup and client smoke remain blocked,Codex Space Madness bridge review,2026-06-18
creatures,28066,Raging Oxianbull,69172,approved,space_madness_raging_oxianbull_prime_review: PE390 relation2011 scored-name maps level50 source creature28066 to Creature2 69172 with exact level50 source/client match and candidate_count2; 95 world2149 area2419 source coordinates and source spell evidence 2631 5873 5875 6437 plus client Spell4 evidence 32761 32762 53434 53435 support the Prime bridge; normal source creature3679 relation499 is already reviewed to Creature2 45728 with TargetGroup6363 but no current PE390 objective row uses 6363; no targetgroup row currently lists 69172; runtime Prime spawn objective ownership credit rewards medals achievements replay cleanup and client smoke remain blocked,Codex Space Madness bridge review,2026-06-18
creatures,28070,Decrepit Atrocity,69170,approved,space_madness_decrepit_atrocity_prime_review: PE390 relation2012 scored-name maps level50 source creature28070 to Creature2 69170 with exact level50 source/client match and candidate_count2; 66 world2149 area2421 source coordinates and source spell evidence 6096 6099 2611 6091 3300 plus client Spell4 evidence 4040 4041 54822 54823 54923 support the Prime bridge; TargetGroup12681 lists 69170 with Prime rows 69168 and 69169 but no current PE390 objective row uses 12681; normal source creature9535 relation2249 remains ambiguous_name because ranked candidates tie 48353 and 69170 and no row-level objective proof distinguishes them; runtime Prime spawn objective ownership credit rewards medals achievements replay cleanup and client smoke remain blocked,Codex Space Madness bridge review,2026-06-18
creatures,28076,Ravenous Nightmare,69220,approved,space_madness_ravenous_nightmare_prime_review: PE390 relation2013 scored-name maps level50 source creature28076 to Creature2 69220 with exact level50 source/client match and candidate_count2; 101 world2149 area2414 source coordinates and source spell evidence 3015 3073 2276 6098 5893 plus client Spell4 evidence 28936 28937 34264 36414 43759 support the Prime bridge; normal source creature446 relation26 is already reviewed to Creature2 46133 with objective1590 reward-pane TargetGroup6402 nested TargetGroup6401 and script filter evidence; no targetgroup row currently lists 69220; runtime Prime spawn objective ownership credit rewards medals achievements replay cleanup and client smoke remain blocked,Codex Space Madness bridge review,2026-06-18
creatures,28086,Stinging Nightmare,69214,approved,space_madness_stinging_nightmare_prime_review: PE390 relation2014 scored-name maps level50 source creature28086 to Creature2 69214 with exact level50 source/client match and candidate_count2; 86 world2149 area2413 source coordinates and source spell evidence 2893 2911 2787 6402 plus client Spell4 evidence 32965 32966 35963 44638 support the Prime bridge; normal source creature39 relation18 is already reviewed to Creature2 46124 with objective1590 reward-pane TargetGroup6402 nested TargetGroup6400 and script filter evidence; no targetgroup row currently lists 69214 and objective2115 TargetGroup12684 does not list 69214 through nested groups12682 or12683; runtime Prime spawn objective ownership credit rewards medals achievements replay cleanup and client smoke remain blocked,Codex Space Madness bridge review,2026-06-18
creatures,28088,Crazed Handler,69143,approved,space_madness_crazed_handler_prime_review: PE390 relation2015 ambiguous-name maps level50 source creature28088 to Creature2 69143 with exact level50 source/client match and candidate_count4; 109 world2149 area2421 source coordinates and source spell evidence 3020 3305 2730 2497 plus client Spell4 evidence 5649 5652 34552 52448 support the Prime bridge; objective2115 TargetGroup12684 nests TargetGroup12683 which nests TargetGroup12677 containing 69143 while normal TargetGroup12672 contains 46671; normal source creature3631 relation2253 remains ambiguous_name for its own review slice; runtime Prime spawn objective ownership credit rewards medals achievements replay cleanup and client smoke remain blocked,Codex Space Madness bridge review,2026-06-18
creatures,28092,Hallucinating Cubig,69137,approved,space_madness_hallucinating_cubig_prime_review: PE390 relation2016 scored-name maps level50 source creature28092 to Creature2 69137 with exact level50 source/client match and candidate_count2; 96 world2149 area2421 source coordinates and shared spell evidence 6436 6455 6456 6461 plus client Spell4 evidence 6891 39867 39868 6892 support the Prime bridge; normal source creature3654 relation152 is already reviewed to Creature2 45724; objective2115 uses TargetGroup12684 nesting TargetGroup12683 which nests TargetGroup12677 containing 69137; runtime Prime spawn objective ownership credit rewards medals achievements replay cleanup and client smoke remain blocked,Codex Space Madness bridge review,2026-06-18
creatures,28095,Smoldering Bonebeast,69169,approved,space_madness_smoldering_bonebeast_prime_review: PE390 relation2018 scored-name maps level50 source creature28095 to Creature2 69169 with exact level50 source/client match and candidate_count2; 64 world2149 area2421 source coordinates and source spell evidence 2777 2809 3327 5917 plus client Spell4 evidence 32734 32735 34262 35556 support the Prime bridge; objective2115 TargetGroup12684 nests TargetGroup12683 which nests TargetGroup12681 containing 69169 while normal TargetGroup12676 contains 48352; normal source creature9534 relation2254 remains ambiguous_name because ranked candidates tie 48352 and 69169 and no row-level objective proof distinguishes them; runtime Prime spawn objective ownership credit rewards medals achievements replay cleanup and client smoke remain blocked,Codex Space Madness bridge review,2026-06-18
creatures,28097,Drifting Horror,69165,approved,space_madness_drifting_horror_prime_review: PE390 relation2019 scored-name maps level50 source creature28097 to Creature2 69165 with exact level50 source/client match and candidate_count2; 91 world2149 area2421 source coordinates and source spell evidence 3131 3037 2657 5893 7200 plus client Spell4 evidence 42875 42874 57320 43759 57321 support the Prime bridge; objective2115 TargetGroup12684 nests TargetGroup12683 which nests TargetGroup12680 containing 69165 while normal source creature9518 maps to Creature2 48347 in TargetGroup12675; runtime Prime spawn objective ownership credit rewards medals achievements replay cleanup and client smoke remain blocked,Codex Space Madness bridge review,2026-06-18
creatures,9518,Drifting Horror,48347,approved,space_madness_drifting_horror_normal_review: PE390 relation2252 scored-name maps normal level32 source creature9518 to Creature2 48347 with exact level32 source/client match faction218 actionset2345 displaygroup24124 display21537 and candidate_count2; 54 world2149 area2421 source coordinates support the bridge; objective2115 TargetGroup12684 nests TargetGroup12682 which nests TargetGroup12675 containing 48347 while Prime source creature28097 relation2019 is reviewed to Creature2 69165 in TargetGroup12680; current spell rows are blank and no Space Madness runtime script or test binding for 48347 was found; runtime normal spawn objective ownership credit rewards medals achievements replay cleanup and client smoke remain blocked,Codex Space Madness bridge review,2026-06-18
creatures,28114,Looming Nightmare,69221,approved,space_madness_looming_nightmare_prime_review: PE390 relation2021 scored-name maps level50 source creature28114 to Creature2 69221 with exact level50 source/client match faction218 actionset2300 displaygroup24124 display21537 and candidate_count2; 81 world2149 area2416 source coordinates support the Prime bridge; normal source creature884 relation155 is already reviewed to Creature2 46135 with objective1590 TargetGroup6402 nested TargetGroup6401 and SavePanickedWorkersNightmareEntityScript evidence; no current TargetGroup row lists 69221 and current spell rows are blank; runtime Prime spawn objective ownership credit rewards medals achievements replay cleanup and client smoke remain blocked,Codex Space Madness bridge review,2026-06-18
creatures,28115,Smoke Nightmare,69208,approved,space_madness_smoke_nightmare_prime_review: PE390 relation2022 scored-name maps level50 source creature28115 to Creature2 69208 with exact level50 source/client match faction218 actionset2031 displaygroup31154 display28700 and candidate_count2; 75 world2149 area2416 source coordinates support the Prime bridge; online Jabbithole Drop6 evidence corroborates normal Smoke Nightmare as a Space Madness public-event creature but does not prove this Prime row; normal source creature3696 relation160 is already reviewed to Creature2 46722 with TargetGroup6449 while no current PE390 objective row uses 6449; no current TargetGroup row lists 69208 and current spell rows are blank; runtime Prime spawn objective ownership credit rewards medals achievements replay cleanup and client smoke remain blocked,Codex Space Madness bridge review,2026-06-18
creatures,28121,Gnarled Nightmare,69223,approved,space_madness_gnarled_nightmare_prime_review: PE390 relation2026 scored-name maps level50 source creature28121 to Creature2 69223 with exact level50 source/client match faction218 actionset2300 displaygroup24275 display21688 and candidate_count2; 76 world2149 area2414 source coordinates support the Prime bridge; online Jabbithole Drop6/Drop5 evidence corroborates level32 and level50 Gnarled Nightmare as Space Madness public-event NPCs but does not prove the Creature2 id; normal source creature3628 relation144 is already reviewed to Creature2 58783 with objective1590 TargetGroup6402 nested TargetGroup6401 and SavePanickedWorkersNightmareEntityScript evidence; no current TargetGroup row lists 69223 and current spell rows are blank; runtime Prime spawn objective ownership credit rewards medals achievements replay cleanup and client smoke remain blocked,Codex Space Madness bridge review,2026-06-18
creatures,28126,Rampaging Oxian,69140,approved,space_madness_rampaging_oxian_prime_review: PE390 relation2027 scored-name maps level50 source creature28126 to Creature2 69140 with exact level50 source/client match faction218 actionset2140 displaygroup25209 display22622 and candidate_count2; 101 world2149 area2419 source coordinates support the Prime bridge; online Jabbithole Drop5 evidence corroborates level32 and level50 Rampaging Oxian as Space Madness public-event NPCs and shared Resounding Charge use but does not prove the Creature2 id; normal source creature3708 relation161 is already reviewed to Creature2 45730 with TargetGroup6363 while no current PE390 objective row uses 6363; no current TargetGroup row lists 69140 and current spell rows are blank; runtime Prime spawn objective ownership credit rewards medals achievements replay cleanup and client smoke remain blocked,Codex Space Madness bridge review,2026-06-18
creatures,28127,Dark Woodheart,69164,approved,space_madness_dark_woodheart_prime_review: PE390 relation2028 scored-name maps level50 source creature28127 to Creature2 69164 with exact level50 source/client match faction218 actionset2351 displaygroup24108 display21521 and candidate_count2; 65 world2149 area2421 source coordinates support the Prime bridge; objective2115 TargetGroup12684 nests TargetGroup12683 which nests TargetGroup12680 containing 69164; online Jabbithole Drop5/Drop6 evidence corroborates level32 and level50 Dark Woodheart as Space Madness public-event NPCs and shared ability/drop context but does not prove the Creature2 id; normal source creature9509 relation2248 maps to Creature2 48346 in TargetGroup12675 and remains its own scored-name review slice; current spell rows are blank; runtime Prime spawn objective ownership credit rewards medals achievements replay cleanup and client smoke remain blocked,Codex Space Madness bridge review,2026-06-18
creatures,28128,Electrifying Nightmare,69216,approved,space_madness_electrifying_nightmare_prime_review: PE390 relation2029 scored-name maps level50 source creature28128 to Creature2 69216 with exact level50 source/client match faction218 actionset2300 displaygroup25462 display22875 and candidate_count2; 69 world2149 area2414 source coordinates support the Prime bridge; online Jabbithole Drop5/Drop6 evidence corroborates level32 Electrifying Nightmare as a Space Madness public-event NPC and Energy Swat use by level32 and level50 Electrifying Nightmare but does not prove the Creature2 id; normal source creature389 relation24 is already reviewed to Creature2 46127 with objective1590 TargetGroup6402 nested TargetGroup6400 and SavePanickedWorkersNightmareEntityScript evidence; no current TargetGroup row lists 69216 and current spell rows are blank; runtime Prime spawn objective ownership credit rewards medals achievements replay cleanup and client smoke remain blocked,Codex Space Madness bridge review,2026-06-18
creatures,28129,Stampeding Horror,69173,approved,space_madness_stampeding_horror_prime_review: PE390 relation2030 scored-name maps level50 source creature28129 to Creature2 69173 with exact level50 source/client match faction218 actionset2345 displaygroup28606 display28257 and candidate_count3; 61 world2149 area2421 source coordinates support the Prime bridge; objective2115 TargetGroup12684 nests TargetGroup12683 which nests TargetGroup12680 containing 69173; online Jabbithole Drop5/Drop6 evidence corroborates level32 Stampeding Horror as a Space Madness public-event NPC and Swipe use by level32 and level50 Stampeding Horror but does not prove the Creature2 id; normal source creature9528 relation2251 maps to Creature2 48348 in TargetGroup12675 and remains its own scored-name review slice; current spell rows are blank; runtime Prime spawn objective ownership credit rewards medals achievements replay cleanup and client smoke remain blocked,Codex Space Madness bridge review,2026-06-19
