owner_id,quest_id,quest_title,quest_bucket,quest_completion_status,quest_link_status,script_kind,script_class,script_path,owner_ids_on_attribute,evidence_status,evidence_sources,manual_validation,completion_status,blocker_summary
51,,,,,non_quest_script_owner,map_script,GalerasMapScript,Source\NexusForever.Script.Main\Quests\Galeras\GalerasMapScript.cs,51,runtime_map_script_owner_pending_zone_smoke,Source/NexusForever.Script.Main;wildstar_client_mysql/Quest2.tbl.sql;Tools/WikiArchiveAudit/quest_implementation_audit.py;Decomp/Analysis/QUEST_IMPLEMENTATION_STATUS.md,pending,not_retail_complete,ScriptFilterOwnerId does not match a current Quest2 row; tracked as related Script.Main runtime content pending owner-family evidence and smoke before it can support quest retail-completeness claims.
154,,,,,non_quest_script_owner,public_event_script,DominionUltrabotPublicEventScript,Source\NexusForever.Script.Main\Quests\NorthernWilds\DominionUltrabotPublicEventScript.cs,154,runtime_public_event_script_owner_pending_event_smoke,Source/NexusForever.Script.Main;wildstar_client_mysql/Quest2.tbl.sql;Tools/WikiArchiveAudit/quest_implementation_audit.py;Decomp/Analysis/QUEST_IMPLEMENTATION_STATUS.md,pending,not_retail_complete,ScriptFilterOwnerId does not match a current Quest2 row; tracked as related Script.Main runtime content pending owner-family evidence and smoke before it can support quest retail-completeness claims.
426,,,,,non_quest_script_owner,map_script,NorthernWildsMapScript,Source\NexusForever.Script.Main\Quests\NorthernWilds\NorthernWildsMapScript.cs,426,runtime_map_script_owner_pending_zone_smoke,Source/NexusForever.Script.Main;wildstar_client_mysql/Quest2.tbl.sql;Tools/WikiArchiveAudit/quest_implementation_audit.py;Decomp/Analysis/QUEST_IMPLEMENTATION_STATUS.md,pending,not_retail_complete,ScriptFilterOwnerId does not match a current Quest2 row; tracked as related Script.Main runtime content pending owner-family evidence and smoke before it can support quest retail-completeness claims.
870,,,,,non_quest_script_owner,map_script,MapScript,Source\NexusForever.Script.Main\Example\MapScript.cs,870,runtime_map_script_owner_pending_zone_smoke,Source/NexusForever.Script.Main;wildstar_client_mysql/Quest2.tbl.sql;Tools/WikiArchiveAudit/quest_implementation_audit.py;Decomp/Analysis/QUEST_IMPLEMENTATION_STATUS.md,pending,not_retail_complete,ScriptFilterOwnerId does not match a current Quest2 row; tracked as related Script.Main runtime content pending owner-family evidence and smoke before it can support quest retail-completeness claims.
870,,,,,non_quest_script_owner,map_script,CrimsonIsleMapScript,Source\NexusForever.Script.Main\Quests\CrimsonIsle\CrimsonIsleMapScript.cs,870,runtime_map_script_owner_pending_zone_smoke,Source/NexusForever.Script.Main;wildstar_client_mysql/Quest2.tbl.sql;Tools/WikiArchiveAudit/quest_implementation_audit.py;Decomp/Analysis/QUEST_IMPLEMENTATION_STATUS.md,pending,not_retail_complete,ScriptFilterOwnerId does not match a current Quest2 row; tracked as related Script.Main runtime content pending owner-family evidence and smoke before it can support quest retail-completeness claims.
990,,,,,non_quest_script_owner,map_script,EverstarGroveMapScript,Source\NexusForever.Script.Main\Quests\EverstarGrove\EverstarGroveMapScript.cs,990,runtime_map_script_owner_pending_zone_smoke,Source/NexusForever.Script.Main;wildstar_client_mysql/Quest2.tbl.sql;Tools/WikiArchiveAudit/quest_implementation_audit.py;Decomp/Analysis/QUEST_IMPLEMENTATION_STATUS.md,pending,not_retail_complete,ScriptFilterOwnerId does not match a current Quest2 row; tracked as related Script.Main runtime content pending owner-family evidence and smoke before it can support quest retail-completeness claims.
1387,,,,,non_quest_script_owner,map_script,LevianBayMapScript,Source\NexusForever.Script.Main\Quests\LevianBay\LevianBayMapScript.cs,1387,runtime_map_script_owner_pending_zone_smoke,Source/NexusForever.Script.Main;wildstar_client_mysql/Quest2.tbl.sql;Tools/WikiArchiveAudit/quest_implementation_audit.py;Decomp/Analysis/QUEST_IMPLEMENTATION_STATUS.md,pending,not_retail_complete,ScriptFilterOwnerId does not match a current Quest2 row; tracked as related Script.Main runtime content pending owner-family evidence and smoke before it can support quest retail-completeness claims.
1658,,,,,non_quest_script_owner,map_script,ExilePathHubMapScript,Source\NexusForever.Script.Main\Quests\Paths\PathMapScripts.cs,1658,runtime_map_script_owner_pending_zone_smoke,Source/NexusForever.Script.Main;wildstar_client_mysql/Quest2.tbl.sql;Tools/WikiArchiveAudit/quest_implementation_audit.py;Decomp/Analysis/QUEST_IMPLEMENTATION_STATUS.md,pending,not_retail_complete,ScriptFilterOwnerId does not match a current Quest2 row; tracked as related Script.Main runtime content pending owner-family evidence and smoke before it can support quest retail-completeness claims.
2979,,,,,non_quest_script_owner,map_script,DominionPathZoneMapScript,Source\NexusForever.Script.Main\Quests\Paths\PathMapScripts.cs,2979,runtime_map_script_owner_pending_zone_smoke,Source/NexusForever.Script.Main;wildstar_client_mysql/Quest2.tbl.sql;Tools/WikiArchiveAudit/quest_implementation_audit.py;Decomp/Analysis/QUEST_IMPLEMENTATION_STATUS.md,pending,not_retail_complete,ScriptFilterOwnerId does not match a current Quest2 row; tracked as related Script.Main runtime content pending owner-family evidence and smoke before it can support quest retail-completeness claims.
2997,,,,,non_quest_script_owner,map_script,ExilePathZoneMapScript,Source\NexusForever.Script.Main\Quests\Paths\PathMapScripts.cs,2997,runtime_map_script_owner_pending_zone_smoke,Source/NexusForever.Script.Main;wildstar_client_mysql/Quest2.tbl.sql;Tools/WikiArchiveAudit/quest_implementation_audit.py;Decomp/Analysis/QUEST_IMPLEMENTATION_STATUS.md,pending,not_retail_complete,ScriptFilterOwnerId does not match a current Quest2 row; tracked as related Script.Main runtime content pending owner-family evidence and smoke before it can support quest retail-completeness claims.
3460,,,,,non_quest_script_owner,map_script,TutorialMapScript,Source\NexusForever.Script.Main\Tutorial\TutorialMapScript.cs,3460,runtime_map_script_owner_pending_zone_smoke,Source/NexusForever.Script.Main;wildstar_client_mysql/Quest2.tbl.sql;Tools/WikiArchiveAudit/quest_implementation_audit.py;Decomp/Analysis/QUEST_IMPLEMENTATION_STATUS.md,pending,not_retail_complete,ScriptFilterOwnerId does not match a current Quest2 row; tracked as related Script.Main runtime content pending owner-family evidence and smoke before it can support quest retail-completeness claims.
3479,3479,From the Wreckage,curated_full,not_retail_complete,current_quest,quest_script,Q3479FromTheWreckageQuestScript,Source\NexusForever.Script.Main\Quests\NorthernWilds\Q3479FromTheWreckage.cs,3479,runtime_curated_quest_script_pending_manual_smoke,Source/NexusForever.Script.Main;wildstar_client_mysql/Quest2.tbl.sql;Tools/WikiArchiveAudit/quest_implementation_audit.py;Decomp/Analysis/QUEST_IMPLEMENTATION_STATUS.md,pending,not_retail_complete,"Quest script hook is tracked, but retail completion needs objective/follow-up behavior proof, reward and achievement side effects, automated coverage, and client/manual smoke."
3480,3480,Reporting for Duty,curated_full,not_retail_complete,current_quest,quest_script,Q3480QuestScript,Source\NexusForever.Script.Main\Quests\NorthernWilds\Q3480.cs,3480,runtime_curated_quest_script_pending_manual_smoke,Source/NexusForever.Script.Main;wildstar_client_mysql/Quest2.tbl.sql;Tools/WikiArchiveAudit/quest_implementation_audit.py;Decomp/Analysis/QUEST_IMPLEMENTATION_STATUS.md,pending,not_retail_complete,"Quest script hook is tracked, but retail completion needs objective/follow-up behavior proof, reward and achievement side effects, automated coverage, and client/manual smoke."
3486,3486,Empowered Tower,curated_full,not_retail_complete,current_quest,quest_script,Q3486EmpoweredTowerQuestScript,Source\NexusForever.Script.Main\Quests\NorthernWilds\Q3486EmpoweredTower.cs,3486,runtime_q3486_arrival_loftite_guardian_and_followup_script_tested_pending_client_smoke,wildstar_client_mysql/Quest2.tbl.sql;wildstar_client_mysql/QuestObjective.tbl.sql;wildstar_client_mysql/TargetGroup.tbl.sql;wildstar_client_mysql/Creature2.tbl.sql;wildstar_client_mysql/WorldLocation2.tbl.sql;Tools/DataMapping/review/creature_bridge_overrides.csv;Tools/DataMapping/output/creature_quest_map.csv;Tools/DataMapping/output/quest_objective_map.csv;Tools/DataMapping/output/creature_spawn_map.csv;Source/NexusForever.Script.Main/Quests/NorthernWilds/NorthernWildsMapScript.cs;Source/NexusForever.Script.Main/Quests/NorthernWilds/Q3486EmpoweredTower.cs;Source/NexusForever.Game.Tests/Quests/NorthernWildsBranchInteractionTests.cs;Source/NexusForever.Game.Tests/Quests/NorthernWildsQuestChainTests.cs;Decomp/Analysis/QUEST_IMPLEMENTATION_STATUS.md,pending,not_retail_complete,"Q3486 now has focused-test-backed Script.Main producers for Exo-Lab 729 arrival/story-panel credit, already-in-zone accept credit, Loftite Crystal virtual item 206 collection, Crystal Guardian virtual item 206 kill credit, the shared Master Control Panel fallback at Quest2 receiver location 7778, one Loftite Crystal fallback at objective location 7807, and five Crystal Guardian fallbacks in Exo-Lab 729. Retail completion still needs client-visible panel dialog/activation smoke, exact crystal collision and respawn timing, live combat smoke, reward/achievement side effects, and end-to-end Q3486/Q3671/Q3668 chain smoke."
3487,3487,Shellshock!,curated_full,not_retail_complete,current_quest,quest_script,Q3487ShellshockQuestScript,Source\NexusForever.Script.Main\Quests\NorthernWilds\Q3487Shellshock.cs,3487,runtime_curated_quest_script_pending_manual_smoke,Source/NexusForever.Script.Main;wildstar_client_mysql/Quest2.tbl.sql;Tools/WikiArchiveAudit/quest_implementation_audit.py;Decomp/Analysis/QUEST_IMPLEMENTATION_STATUS.md,pending,not_retail_complete,"Quest script hook is tracked, but retail completion needs objective/follow-up behavior proof, reward and achievement side effects, automated coverage, and client/manual smoke."
3667,3667,The Tower,curated_full,not_retail_complete,current_quest,quest_script,Q3667TheTowerQuestScript,Source\NexusForever.Script.Main\Quests\NorthernWilds\Q3667TheTower.cs,3667,runtime_q3667_master_control_panel_spawn_and_credit_script_tested_pending_client_smoke,wildstar_client_mysql/Quest2.tbl.sql;wildstar_client_mysql/QuestObjective.tbl.sql;wildstar_client_mysql/Creature2.tbl.sql;wildstar_client_mysql/WorldLocation2.tbl.sql;Tools/DataMapping/output/creature_quest_map.csv;Tools/DataMapping/output/creature_spawn_map.csv;Source/NexusForever.Script.Main/Quests/NorthernWilds/NorthernWildsMapScript.cs;Source/NexusForever.Script.Main/Quests/NorthernWilds/Q3667TheTower.cs;Source/NexusForever.WorldServer/Network/Message/Handler/Entity/InteractionObjectiveUpdater.cs;Source/NexusForever.Game/Spell/SpellEffectHandler.cs;Source/NexusForever.Game/Quest/Quest.cs;Source/NexusForever.Game/Quest/QuestObjective.cs;Source/NexusForever.Game.Tests/Quests/NorthernWildsBranchInteractionTests.cs;Source/NexusForever.Game.Tests/Entity/InteractionObjectiveUpdaterTests.cs;Decomp/Analysis/QUEST_IMPLEMENTATION_STATUS.md,pending,not_retail_complete,"Q3667 now has focused-test-backed server availability for the build 16042 Master Control Panel route: NorthernWildsMapScript fallback-spawns Creature2 11194 at Quest2 receiver/objective indicator WorldLocation2 7778, Q3667ControlPanelEntityScript credits objective 4770 from direct activation plus the branch-proximity fallback while Q3667 is accepted, and the quest script preserves the Q3486 follow-up handoff. Deadeye Brightland 11063 is the reviewed starter relation and is covered by existing Northern Wilds Deadeye fallbacks. Retail completion still needs client-visible Deadeye accept dialog, panel completion dialog/activation smoke, exact trigger timing, prerequisite flow, reward/achievement side effects, and end-to-end Q3667 -> Q3486 smoke."
3668,3668,Indigenous Intelligence,curated_full,not_retail_complete,current_quest,quest_script,Q3668QuestScript,Source\NexusForever.Script.Main\Quests\NorthernWilds\Q3668.cs,3668,runtime_q3668_receiver_objective_spawn_and_generic_credit_paths_tested_pending_client_smoke,wildstar_client_mysql/Quest2.tbl.sql;wildstar_client_mysql/QuestObjective.tbl.sql;wildstar_client_mysql/TargetGroup.tbl.sql;wildstar_client_mysql/Creature2.tbl.sql;wildstar_client_mysql/WorldLocation2.tbl.sql;Tools/DataMapping/output/creature_quest_map.csv;Tools/DataMapping/output/quest_objective_map.csv;Tools/DataMapping/output/creature_spawn_map.csv;Source/NexusForever.Script.Main/Quests/NorthernWilds/NorthernWildsMapScript.cs;Source/NexusForever.Script.Main/Quests/NorthernWilds/Q3668.cs;Source/NexusForever.Game/Quest/Quest.cs;Source/NexusForever.Game/Quest/QuestObjective.cs;Source/NexusForever.Game/AssetManager.cs;Source/NexusForever.Game/Entity/UnitEntity.cs;Source/NexusForever.WorldServer/Network/Message/Handler/Entity/InteractionObjectiveUpdater.cs;Source/NexusForever.Game.Tests/Quests/NorthernWildsBranchInteractionTests.cs;Source/NexusForever.Game.Tests/Entity/InteractionObjectiveUpdaterTests.cs;Source/NexusForever.Game.Tests/Quest/AssetManagerTargetGroupTests.cs;Source/NexusForever.Game.Tests/Quest/QuestTests.cs;Decomp/Analysis/QUEST_IMPLEMENTATION_STATUS.md,pending,not_retail_complete,"Q3668 now has focused-test-backed Northern Wilds map-load fallbacks for Bartol Sunward at Quest2 receiver location 9121, Scientist Lusk at objective indicator location 8857, seven Imprisoned Survivor 14124 placements for TargetGroup 7261, and reviewed Skeech kill-target placements for TargetGroup 7293 members 36429, 17545, 11907, 11910, 11912, 11917, and 36884. The Q3668 quest script remains lifecycle-only while generic TalkTo, ActivateEntity target-group, and KillTargetGroups handlers provide the server-side credit paths; focused QuestManager coverage now pins selectable rewards and achievement completion hooks. Retail completion still needs client-visible Deadeye/Lusk/Bartol dialog and activation smoke, exact survivor transform/despawn timing, missing TargetGroup members 14054 and 11913 review, reward-choice UI smoke, inventory persistence validation, achievement UI/progression smoke, and end-to-end Q3486/Q3671/Q3668 chain smoke."
3670,3670,Calm Before the Storm,no_objectives,not_retail_complete,current_quest,quest_script,Q3670QuestScript,Source\NexusForever.Script.Main\Quests\NorthernWilds\Q3670.cs,3670,implemented_no_objective_script_lifecycle_tests_pending_dialog_smoke,Source/NexusForever.Script.Main;wildstar_client_mysql/Quest2.tbl.sql;Tools/WikiArchiveAudit/quest_implementation_audit.py;Decomp/Analysis/QUEST_IMPLEMENTATION_STATUS.md;Source/NexusForever.Game/Entity/QuestManager.cs;Source/NexusForever.Game.Tests/Quest/QuestTests.cs,pending,not_retail_complete,"No-objective quest script hook is row-tested through the shared QuestManager accept-to-achieved and visible-receiver completion paths for this Quest2 row; retail completion still needs client-visible dialog activation, exact row-specific reward and achievement side effects, and client/manual smoke."
3671,3671,Setting Up Camp,no_objectives,not_retail_complete,current_quest,quest_script,Q3671QuestScript,Source\NexusForever.Script.Main\Quests\NorthernWilds\Q3671.cs,3671,implemented_no_objective_script_lifecycle_tests_pending_dialog_smoke,Source/NexusForever.Script.Main;wildstar_client_mysql/Quest2.tbl.sql;Tools/WikiArchiveAudit/quest_implementation_audit.py;Decomp/Analysis/QUEST_IMPLEMENTATION_STATUS.md;Source/NexusForever.Game/Entity/QuestManager.cs;Source/NexusForever.Game.Tests/Quest/QuestTests.cs,pending,not_retail_complete,"No-objective quest script hook is row-tested through the shared QuestManager accept-to-achieved and visible-receiver completion paths for this Quest2 row; retail completion still needs client-visible dialog activation, exact row-specific reward and achievement side effects, and client/manual smoke."
3673,3673,Contact with Thayd,curated_full,not_retail_complete,current_quest,quest_script,Q3673ContactWithThaydQuestScript,Source\NexusForever.Script.Main\Quests\NorthernWilds\Q3673ContactWithThayd.cs,3673,runtime_q3673_signal_flare_hidden_completion_duplicate_guard_and_followup_script_tested_pending_client_smoke,Source/NexusForever.Script.Main/Quests/NorthernWilds/Q3673ContactWithThayd.cs;Source/NexusForever.Script.Main/Quests/NorthernWilds/NorthernWildsMapScript.cs;Source/NexusForever.Game.Tests/Quests/NorthernWildsBranchInteractionTests.cs;Source/NexusForever.Game.Tests/Quests/NorthernWildsQuestChainTests.cs;Source/NexusForever.WorldServer/Network/Message/Handler/Entity/InteractionObjectiveUpdater.cs;Source/NexusForever.Game.Tests/Entity/InteractionObjectiveUpdaterTests.cs;wildstar_client_mysql/Quest2.tbl.sql;wildstar_client_mysql/QuestObjective.tbl.sql;wildstar_client_mysql/TargetGroup.tbl.sql;wildstar_client_mysql/Creature2.tbl.sql;wildstar_client_mysql/WorldLocation2.tbl.sql;Tools/DataMapping/output/creature_quest_map.csv;Tools/DataMapping/output/creature_spawn_map.csv;Decomp/Analysis/QUEST_IMPLEMENTATION_STATUS.md,pending,not_retail_complete,"Q3673 now has focused-test-backed Northern Wilds map-load fallbacks for Deadeye Brightland and all three Signal Flares, with checklist indexes aligned to TargetGroup 1106 and generic interaction coverage for SucceedCSI/ActivateTargetGroupChecklist credit. The quest script now credits hidden required objective 13391 after Signal Flare checklist objective 4748 completes, suppresses duplicate hidden-objective credit from repeated complete-checklist callbacks, then preserves the Achieved cinematic and Q3670 follow-up handoff. Focused QuestManager coverage grants each build 16042 selectable reward item and fires the quest achievement hooks at visible Deadeye 11063. Retail completion still needs client-visible Deadeye dialog/activation smoke, exact activate/CSI packet smoke, achieved-state/cinematic timing smoke, prerequisite flow from Q3886, alternate receiver routing, reward-choice UI/persistence and achievement UI smoke, and end-to-end quest smoke."
3741,3741,Scattered Supplies,generic_with_script,not_retail_complete,current_quest,quest_script,Q3741ScatteredSuppliesQuestScript,Source\NexusForever.Script.Main\Quests\NorthernWilds\Q3741ScatteredSupplies.cs,3741,runtime_q3741_full_server_lifecycle_rewards_persistence_staging_and_achievement_tested_pending_client_smoke,wildstar_client_mysql/Quest2.tbl.sql;wildstar_client_mysql/QuestObjective.tbl.sql;wildstar_client_mysql/TargetGroup.tbl.sql;wildstar_client_mysql/Creature2.tbl.sql;wildstar_client_mysql/WorldLocation2.tbl.sql;wildstar_client_mysql/CommunicatorMessages.tbl.sql;Tools/DataMapping/output/creature_quest_map.csv;Tools/DataMapping/output/quest_objective_map.csv;Tools/DataMapping/output/creature_spawn_map.csv;Source/NexusForever.Script.Main/Quests/NorthernWilds/NorthernWildsMapScript.cs;Source/NexusForever.Script.Main/Quests/NorthernWilds/Q3741ScatteredSupplies.cs;Source/NexusForever.WorldServer/Network/Message/Handler/Entity/InteractionObjectiveUpdater.cs;Source/NexusForever.WorldServer/Network/Message/Handler/Entity/ClientActivateUnitCastHandler.cs;Source/NexusForever.Game/Quest/Quest.cs;Source/NexusForever.Game/Quest/QuestObjective.cs;Source/NexusForever.Game/Quest/GlobalQuestManager.cs;Source/NexusForever.Game/Entity/QuestManager.cs;Source/NexusForever.Game/Entity/Inventory.cs;Source/NexusForever.Game/Entity/Item.cs;Source/NexusForever.Game/AssetManager.cs;Source/NexusForever.Game.Tests/Entity/ClientActivateUnitCastHandlerTests.cs;Source/NexusForever.Game.Tests/Entity/Q3741RewardInventoryPersistenceTests.cs;Source/NexusForever.Game.Tests/Quests/NorthernWildsBranchInteractionTests.cs;Source/NexusForever.Game.Tests/Quests/EarlyZoneEntityObjectiveCreditTests.cs;Source/NexusForever.Game.Tests/Quest/GlobalQuestManagerPartialTableTests.cs;Source/NexusForever.Game.Tests/Quest/QuestTests.cs;Decomp/Analysis/QUEST_IMPLEMENTATION_STATUS.md,pending,not_retail_complete,"Q3741 has focused-test-backed server availability for 26 current reviewed Exile Supply Crate 12919 placements from DataMapping source_coordinate_ids 1218, 1219, 1220, 1221, 1222, 1223, 1224, 1225, 1226, 1227, 1228, 1229, 1230, 1231, 1232, 14881, 17735, 17736, 17737, 51949, 51950, 51951, 51952, 87248, 107347, and 115540 in world 426 area 597 around indicator WorldLocation2 ids 9181/9182/9962 and client-table-backed Durek 11066 giver/receiver routing. Focused Q3741 coverage now proves the client activation handler casts Creature2 12919's build 16042 activate spell 1817, only accepted quests receive one VirtualCollect 363 credit per distinct crate, visible Durek 11066 accepts and completes the quest, six distinct crates advance objective 4813 to Achieved, both fixed rewards are presented through ServerItemAdd and staged as persistent ItemModel rows by Inventory.Save, and the real CharacterAchievementManager sets AchievementChecklist 4261 bit 2 on achievement 3490. Retail completion still needs client-visible crate cast-bar/VirtualCollect UI smoke, live density reconciliation for source_coordinate_id 2634068, an older coordinate_last_seen_in=4 row near current source_coordinate_id 1220 and the current runtime placement count, exact respawn/despawn behavior, Durek accept/completion dialogs, reward-panel and post-relogin inventory proof, achievement toast/journal UI, the configured missing-objective, wrong-world/objective, and repeat-after-completion negative cases, objective/zone/creature bridge review, and a complete client playthrough."
3777,3777,By Leaps and Bounds,generic_with_script,not_retail_complete,current_quest,quest_script,Q3777ByLeapsAndBoundsQuestScript,Source\NexusForever.Script.Main\Quests\NorthernWilds\Q3777ByLeapsAndBounds.cs,3777,runtime_q3777_denner_loftite_crystal_spawn_and_credit_script_tested_pending_client_smoke,wildstar_client_mysql/Quest2.tbl.sql;wildstar_client_mysql/QuestObjective.tbl.sql;wildstar_client_mysql/TargetGroup.tbl.sql;wildstar_client_mysql/Creature2.tbl.sql;wildstar_client_mysql/WorldLocation2.tbl.sql;Tools/DataMapping/output/creature_quest_map.csv;Tools/DataMapping/output/creature_spawn_map.csv;Source/NexusForever.Script.Main/Quests/Galeras/GalerasMapScript.cs;Source/NexusForever.Script.Main/Quests/NorthernWilds/Q3777ByLeapsAndBounds.cs;Source/NexusForever.Game/Entity/Player.cs;Source/NexusForever.Game/Quest/Quest.cs;Source/NexusForever.Game/Quest/QuestObjective.cs;Source/NexusForever.Game/AssetManager.cs;Source/NexusForever.Game.Tests/Quests/GalerasMapScriptTests.cs;Source/NexusForever.Game.Tests/Quests/GalerasQuestScriptTests.cs;Source/NexusForever.Game.Tests/Quest/QuestTests.cs;Source/NexusForever.Game.Tests/Quest/AssetManagerTargetGroupTests.cs;Decomp/Analysis/QUEST_IMPLEMENTATION_STATUS.md,pending,not_retail_complete,"Q3777 now has focused-test-backed Galeras availability for Denner Hazefall at Quest2 receiver WorldLocation2 11687 and eight build 16042 Q3777 Loftite Crystal 13120 fallbacks inside objective indicator WorldLocation2 9578. Q3777LoftiteCrystalEntityScript binds both the DataMapping bridge id 6987 and the build 16042 TargetGroup member 13120, then credits first-fragment objective 5076 and CollectItem 6998 while Q3777 is accepted. Focused QuestManager/QuestInfo coverage grants the selected item, achievement hooks, and default faction 260 reputation amount 188. The quest remains not retail-complete pending client-visible Denner dialog/activation smoke, exact crystal jump-through/collision and respawn/despawn timing, reward UI/persistence smoke, achievement UI/progression smoke, and end-to-end Q3777 smoke."
3781,3781,Captives of the Dominion,generic_with_script,not_retail_complete,current_quest,quest_script,Q3781CaptivesOfTheDominionQuestScript,Source\NexusForever.Script.Main\Quests\NorthernWilds\Q3781CaptivesOfTheDominion.cs,3781,runtime_q3781_starter_captives_receiver_spawn_credit_and_duplicate_guard_tested_pending_client_smoke,wildstar_client_mysql/Quest2.tbl.sql;wildstar_client_mysql/QuestObjective.tbl.sql;wildstar_client_mysql/TargetGroup.tbl.sql;wildstar_client_mysql/Creature2.tbl.sql;wildstar_client_mysql/WorldLocation2.tbl.sql;Tools/DataMapping/output/creature_quest_map.csv;Tools/DataMapping/output/creature_spawn_map.csv;Source/NexusForever.Script.Main/Quests/NorthernWilds/NorthernWildsMapScript.cs;Source/NexusForever.Script.Main/Quests/NorthernWilds/Q3781CaptivesOfTheDominion.cs;Source/NexusForever.Script.Main/Quests/Galeras/GalerasMapScript.cs;Source/NexusForever.Game/Quest/GlobalQuestManager.cs;Source/NexusForever.Game/Quest/Quest.cs;Source/NexusForever.Game/Quest/QuestObjective.cs;Source/NexusForever.Game.Tests/Quests/NorthernWildsBranchInteractionTests.cs;Source/NexusForever.Game.Tests/Quests/EarlyZoneEntityObjectiveCreditTests.cs;Source/NexusForever.Game.Tests/Quest/GlobalQuestManagerPartialTableTests.cs;Source/NexusForever.Game.Tests/Quest/QuestTests.cs;Decomp/Analysis/QUEST_IMPLEMENTATION_STATUS.md,pending,not_retail_complete,"Q3781 now has focused-test-backed server availability for Dead Exile Soldier 50668 starter fallback coverage at reviewed DataMapping source_coordinate_id 2055, eleven Captive Exile Soldier 12537 objective fallbacks inside Camp Icefury objective WorldLocation2 26787, Q3781CaptiveExileSoldierEntityScript rescue credit for objective 4880 across all build 16042 TargetGroup 2143 members 12537/21015/21016, script-local duplicate suppression so one captive cannot satisfy the three-rescue count by repeat activation, and Galeras Deadeye Brightland 16622 alternate receiver/cache coverage at WorldLocation2 12354. The quest remains not retail-complete pending client-visible starter/deadeye dialog and activation smoke, exact captive activate/CSI transform/despawn/respawn behavior, placement/variant review for 21015 and 21016, reward-choice UI/persistence, achievement/progression side effects, and end-to-end Q3781 smoke."
3783,3783,Off with Her Head!,no_objectives,not_retail_complete,current_quest,quest_script,Q3783OffWithHerHeadQuestScript,Source\NexusForever.Script.Main\Quests\NorthernWilds\Q3783OffWithHerHead.cs,3783,runtime_q3783_item_started_no_objective_durek_turnin_reward_tested_pending_client_smoke,wildstar_client_mysql/Quest2.tbl.sql;wildstar_client_mysql/Quest2Reward.tbl.sql;wildstar_client_mysql/Item2.tbl.sql;wildstar_client_mysql/Creature2.tbl.sql;wildstar_client_mysql/WorldLocation2.tbl.sql;Tools/DataMapping/output/creature_quest_map.csv;Tools/DataMapping/output/creature_spawn_map.csv;Source/NexusForever.Script.Main/Quests/NorthernWilds/NorthernWildsMapScript.cs;Source/NexusForever.Script.Main/Quests/NorthernWilds/Q3783OffWithHerHead.cs;Source/NexusForever.Game/Quest/GlobalQuestManager.cs;Source/NexusForever.Game/Entity/QuestManager.cs;Source/NexusForever.Game.Tests/Quests/NorthernWildsBranchInteractionTests.cs;Source/NexusForever.Game.Tests/Quest/GlobalQuestManagerPartialTableTests.cs;Source/NexusForever.Game.Tests/Quest/QuestTests.cs;Decomp/Analysis/QUEST_IMPLEMENTATION_STATUS.md,pending,not_retail_complete,"Q3783 now has focused-test-backed server availability for its item-started no-objective turn-in path: Item2 6954 starts Q3783, Quest2 receiver WorldLocation2 7727 points to Land's Reach, NorthernWildsMapScript fallback-spawns build 16042 Creature2 11066 Commander Durek at that receiver location, and QuestManager coverage completes the achieved quest at visible 11066 while granting Quest2Reward row 8830 item 17756. The quest remains not retail-complete pending client-visible item-start and Durek dialog/activation smoke, reward UI/persistence, achievement/progression side effects, and end-to-end Q3783 smoke."
3797,3797,Securing the Area,curated_full,not_retail_complete,current_quest,quest_script,Q3797SecuringTheAreaQuestScript,Source\NexusForever.Script.Main\Quests\NorthernWilds\Q3797SecuringTheArea.cs,3797,runtime_q3797_durek_receiver_objective_spawn_and_generic_credit_paths_tested_pending_client_smoke,wildstar_client_mysql/Quest2.tbl.sql;wildstar_client_mysql/QuestObjective.tbl.sql;wildstar_client_mysql/TargetGroup.tbl.sql;wildstar_client_mysql/Creature2.tbl.sql;wildstar_client_mysql/WorldLocation2.tbl.sql;wildstar_client_mysql/CommunicatorMessages.tbl.sql;Tools/DataMapping/output/creature_quest_map.csv;Tools/DataMapping/output/quest_objective_map.csv;Tools/DataMapping/output/creature_spawn_map.csv;Source/NexusForever.Script.Main/Quests/NorthernWilds/NorthernWildsMapScript.cs;Source/NexusForever.Script.Main/Quests/NorthernWilds/Q3797SecuringTheArea.cs;Source/NexusForever.Game/Quest/GlobalQuestManager.cs;Source/NexusForever.Game/Quest/Quest.cs;Source/NexusForever.Game/Quest/QuestObjective.cs;Source/NexusForever.Game/AssetManager.cs;Source/NexusForever.Game/Entity/QuestManager.cs;Source/NexusForever.Game/Entity/UnitEntity.cs;Source/NexusForever.Game.Tests/Quests/NorthernWildsBranchInteractionTests.cs;Source/NexusForever.Game.Tests/Quest/GlobalQuestManagerPartialTableTests.cs;Source/NexusForever.Game.Tests/Quest/AssetManagerTargetGroupTests.cs;Source/NexusForever.Game.Tests/Quest/QuestTests.cs;Decomp/Analysis/QUEST_IMPLEMENTATION_STATUS.md,pending,not_retail_complete,"Q3797 now has focused-test-backed server availability through NorthernWildsMapScript fallbacks for build 16042 Creature2 11066 Land's Reach Commander Durek at Quest2 receiver WorldLocation2 7727 and eight reviewed rootbrute/yeti objective targets around the build 16042 indicator locations 9181/9182/9962. DataMapping relation overrides review Q3797 starter/finisher rows 166/1693 to 11066 while preserving the original 435/11061 bridge as source-spawn context, and standard Creature2 indexing covers the visible 11066 Q3797 giver/receiver route. The Q3797 quest script remains lifecycle-only while generic target-group expansion and KillTargetGroups handling provide objective credit. Retail completion still needs client-visible Durek dialog/activation smoke, live/client combat smoke, exact placement/density/respawn/tap/threat behavior, type-9/non-spawned branch review, reward/achievement side effects, Q3486 prerequisite flow smoke, and end-to-end Q3797 smoke."
3886,3886,Fiery Distraction,curated_full,not_retail_complete,current_quest,quest_script,Q3886FieryDistractionQuestScript,Source\NexusForever.Script.Main\Quests\NorthernWilds\Q3886FieryDistraction.cs,3886,runtime_q3886_torch_hut_spawn_and_generic_credit_paths_tested_pending_client_smoke,wildstar_client_mysql/Quest2.tbl.sql;wildstar_client_mysql/QuestObjective.tbl.sql;wildstar_client_mysql/TargetGroup.tbl.sql;wildstar_client_mysql/Creature2.tbl.sql;wildstar_client_mysql/WorldLocation2.tbl.sql;Tools/DataMapping/output/creature_quest_map.csv;Tools/DataMapping/output/quest_objective_map.csv;Tools/DataMapping/output/creature_spawn_map.csv;Source/NexusForever.Script.Main/Quests/NorthernWilds/NorthernWildsMapScript.cs;Source/NexusForever.Script.Main/Quests/NorthernWilds/Q3886FieryDistraction.cs;Source/NexusForever.WorldServer/Network/Message/Handler/Entity/InteractionObjectiveUpdater.cs;Source/NexusForever.Game/Spell/SpellEffectHandler.cs;Source/NexusForever.Game/Quest/Quest.cs;Source/NexusForever.Game/Quest/QuestObjective.cs;Source/NexusForever.Game.Tests/Quests/NorthernWildsBranchInteractionTests.cs;Source/NexusForever.Game.Tests/Quests/NorthernWildsQuestChainTests.cs;Source/NexusForever.Game.Tests/Entity/InteractionObjectiveUpdaterTests.cs;Decomp/Analysis/QUEST_IMPLEMENTATION_STATUS.md,pending,not_retail_complete,"Q3886 now has focused-test-backed server availability through NorthernWildsMapScript fallbacks for build 16042 Creature2 11066 Land's Reach Commander Durek at Quest2 receiver WorldLocation2 7727, four current reviewed Burning Torch 13630 placements from DataMapping source_coordinate_ids 2425, 124555, 142844, and 1585277 for SucceedCSI objective 5053, and nine current reviewed Skeech Hut 13623 placements from DataMapping source_coordinate_ids 2309, 2310, 2311, 2312, 2313, 2314, 14843, 115795, and 115796 for ActivateTargetGroupChecklist objective 5052 with assigning unique checklist indexes 0 through 8 so QuestObjective 5052's count 3 completes after any three distinct huts. The Q3886 quest script remains lifecycle/follow-up-only while generic interaction and activate-spell paths provide objective credit, and completion grants Q3673 through FollowUpQuestScript coverage. Focused QuestManager coverage grants each build 16042 selectable reward item and fires the quest achievement hooks at visible Durek 11066. Retail completion still needs client-visible Durek dialog/activation smoke, exact torch/hut activate/CSI packet smoke, hut burn/despawn/respawn behavior, reward-choice UI/persistence and achievement UI smoke, and end-to-end Q3886 -> Q3673 smoke."
3963,3963,More Important Than Revenge,curated_full,not_retail_complete,current_quest,quest_script,Q3963MoreImportantThanRevengeQuestScript,Source\NexusForever.Script.Main\Quests\NorthernWilds\Q3963MoreImportantThanRevenge.cs,3963,runtime_q3963_ship_controls_and_deadeye_receiver_paths_tested_pending_client_smoke,wildstar_client_mysql/Quest2.tbl.sql;wildstar_client_mysql/QuestObjective.tbl.sql;wildstar_client_mysql/TargetGroup.tbl.sql;wildstar_client_mysql/Creature2.tbl.sql;wildstar_client_mysql/WorldLocation2.tbl.sql;Tools/DataMapping/review/creature_bridge_overrides.csv;Tools/DataMapping/output/creature_quest_map.csv;Tools/DataMapping/output/creature_spawn_map.csv;Tools/DataMapping/sql/runtime_world_seed.sql;Source/NexusForever.Script.Main/Quests/NorthernWilds/NorthernWildsMapScript.cs;Source/NexusForever.Script.Main/Quests/NorthernWilds/Q3487Shellshock.cs;Source/NexusForever.Script.Main/Quests/NorthernWilds/Q3963MoreImportantThanRevenge.cs;Source/NexusForever.Script.Main/Quests/Galeras/GalerasMapScript.cs;Source/NexusForever.Script.Main/Transport/WorldLocationTeleporterEntityScript.cs;Source/NexusForever.WorldServer/Network/Message/Handler/Entity/InteractionObjectiveUpdater.cs;Source/NexusForever.WorldServer/Network/Message/Handler/Entity/ClientActivateUnitCastHandler.cs;Source/NexusForever.Game/AssetManager.cs;Source/NexusForever.Game/Quest/GlobalQuestManager.cs;Source/NexusForever.Game/Entity/QuestManager.cs;Source/NexusForever.Game/Quest/QuestObjective.cs;Source/NexusForever.Game.Tests/Quests/NorthernWildsBranchInteractionTests.cs;Source/NexusForever.Game.Tests/Quests/NorthernWildsQuestChainTests.cs;Source/NexusForever.Game.Tests/Quests/GalerasMapScriptTests.cs;Source/NexusForever.Game.Tests/Transport/WorldLocationTeleporterEntityScriptTests.cs;Source/NexusForever.Game.Tests/Entity/ClientActivateUnitCastHandlerTests.cs;Source/NexusForever.Game.Tests/Quest/GlobalQuestManagerPartialTableTests.cs;Source/NexusForever.Game.Tests/Quest/QuestTests.cs;Source/NexusForever.Game.Tests/Quest/AssetManagerTargetGroupTests.cs;Source/NexusForever.Game.Tests/Quest/QuestObjectiveTests.cs;Decomp/Analysis/QUEST_IMPLEMENTATION_STATUS.md,pending,not_retail_complete,"Q3963 now has focused-test-backed server availability for its build 16042 Ship Controls route and Galeras Deadeye receiver route: NorthernWildsMapScript fallback-spawns Creature2 27196 at objective indicator WorldLocation2 ids 45401 and 45402, generic direct ActivateEntity reward-pane target-group expansion and the Q3963 activate-cast guard handle objective 5201 credit for TargetGroup 7573, GalerasMapScript fallback-spawns Creature2 16622 at receiver WorldLocation2 12354 matching reviewed DataMapping source_coordinate_id 837, and GlobalQuestManager/QuestManager coverage caches 16622 as the client-table-backed receiver and completes achieved Q3963 only when that receiver is visible. Q3487Shellshock grants Q3963 as the follow-up, while the reviewed 11063 starter context remains pending visible-client proof because build 16042 Creature2 11063 does not list Q3963 in QuestIdGiven. Q3963 remains not retail-complete pending client-visible Ship Controls activation smoke, Deadeye receiver dialog smoke, Q3487-to-Q3963 client flow smoke, exact reward/achievement side effects, and end-to-end Q3963 validation."
4526,4526,Spatial Anomaly,generic_with_script,not_retail_complete,current_quest,quest_script,Q4526SpatialAnomalyQuestScript,Source\NexusForever.Script.Main\Quests\NorthernWilds\Q4526SpatialAnomaly.cs,4526,runtime_q4526_wreckage_anomaly_credit_and_duplicate_guard_script_tested_pending_client_smoke,Source/NexusForever.Script.Main/Quests/NorthernWilds/Q4526SpatialAnomaly.cs;Source/NexusForever.Script.Main/Quests/NorthernWilds/NorthernWildsMapScript.cs;Source/NexusForever.Game.Tests/Quests/NorthernWildsBranchInteractionTests.cs;wildstar_client_mysql/Quest2.tbl.sql;wildstar_client_mysql/QuestObjective.tbl.sql;wildstar_client_mysql/Creature2.tbl.sql;wildstar_client_mysql/WorldLocation2.tbl.sql;Tools/DataMapping/output/quest_objective_map.csv;Tools/DataMapping/output/creature_quest_map.csv;Tools/DataMapping/output/creature_spawn_map.csv,pending,not_retail_complete,"Q4526 now has focused-test-backed Script.Main producers for wreckage investigation objective 6164 at world location 9706 and Spatial Anomaly catch objective 6165 on Creature2 12535, including same-player duplicate suppression across proximity and activation catch paths, plus a Northern Wilds fallback spawn for Scientist Pristan at Quest2 receiver location 11669 and an anomaly fallback spawn at world location 40764. Retail completion still needs exact anomaly movement/chase/despawn behavior, client-visible dialog/activation smoke, reward/achievement side effects, and end-to-end quest smoke."
4666,4666,Take the Fight to Them,generic_with_script,not_retail_complete,current_quest,quest_script,Q4666TakeTheFightToThemQuestScript,Source\NexusForever.Script.Main\Quests\NorthernWilds\Q4666TakeTheFightToThem.cs,4666,runtime_generic_quest_script_hook_pending_world_smoke,Source/NexusForever.Script.Main;wildstar_client_mysql/Quest2.tbl.sql;Tools/WikiArchiveAudit/quest_implementation_audit.py;Decomp/Analysis/QUEST_IMPLEMENTATION_STATUS.md,pending,not_retail_complete,"Quest script hook is tracked, but retail completion needs objective/follow-up behavior proof, reward and achievement side effects, automated coverage, and client/manual smoke."
4667,4667,Burn It Down,generic_with_script,not_retail_complete,current_quest,quest_script,Q4667BurnItDownQuestScript,Source\NexusForever.Script.Main\Quests\NorthernWilds\Q4667BurnItDown.cs,4667,runtime_generic_quest_script_hook_pending_world_smoke,Source/NexusForever.Script.Main;wildstar_client_mysql/Quest2.tbl.sql;Tools/WikiArchiveAudit/quest_implementation_audit.py;Decomp/Analysis/QUEST_IMPLEMENTATION_STATUS.md,pending,not_retail_complete,"Quest script hook is tracked, but retail completion needs objective/follow-up behavior proof, reward and achievement side effects, automated coverage, and client/manual smoke."
4694,4694,Hold the Line,generic_with_script,not_retail_complete,current_quest,quest_related_runtime_script,Q4694HoldTheLineStormwingStrikerEntityScript,Source\NexusForever.Script.Main\Quests\Galeras\Q4694HoldTheLine.cs,4694,runtime_quest_related_holdout_credit_script_tested_pending_dialog_client_smoke,Source/NexusForever.Script.Main/Quests/Galeras/Q4694HoldTheLine.cs;Source/NexusForever.Game.Tests/Quests/GalerasQuestScriptTests.cs;wildstar_client_mysql/Quest2.tbl.sql;wildstar_client_mysql/QuestObjective.tbl.sql;wildstar_client_mysql/Creature2.tbl.sql;Tools/DataMapping/output/quest_objective_map.csv;Tools/DataMapping/output/creature_spawn_map.csv;Tools/DataMapping/sql/runtime_world_seed.sql;Decomp/Analysis/QUEST_IMPLEMENTATION_STATUS.md,pending,not_retail_complete,"Q4694 now has a creature-owned Script.Main holdout credit hook for Creature2 23953 to QuestObjectiveType.CompleteEvent data 111, and runtime_world_seed.sql already promotes 93 Creature2 23953 rows in world 51 / area 973, including 23 near Trooper Vog. Trooper Vog direct activation credit for objective 16115 is covered by the generic interaction path. Retail completion still needs client-visible Vog dialog/activation smoke, exact holdout mechanics, rewards, and client/manual smoke."
4696,4696,Leaving the Temple of Osiric,generic_with_script,not_retail_complete,current_quest,quest_script,Q4696LeavingTheTempleOfOsiricQuestScript,Source\NexusForever.Script.Main\Quests\NorthernWilds\Q4696LeavingTheTempleOfOsiric.cs,4696,runtime_generic_quest_script_followup_4694_tested_pending_objective_and_client_smoke,Source/NexusForever.Script.Main/Quests/NorthernWilds/Q4696LeavingTheTempleOfOsiric.cs;Source/NexusForever.Game.Tests/Quests/NorthernWildsQuestChainTests.cs;wildstar_client_mysql/Quest2.tbl.sql;Tools/WikiArchiveAudit/quest_implementation_audit.py;Decomp/Analysis/QUEST_IMPLEMENTATION_STATUS.md,pending,not_retail_complete,"Q4696 now uses the standard FollowUpQuestScript handoff and focused NorthernWildsQuestChain coverage pins completion granting Q4694, but retail completion still needs objective trigger ownership, exact retreat/rally script timing, reward and achievement side effects, and client/manual smoke."
5573,5573,Powering Down,curated_full,not_retail_complete,current_quest,quest_script,Q5573PoweringDownQuestScript,Source\NexusForever.Script.Main\Quests\CrimsonIsle\Q5573PoweringDown.cs,5573,runtime_q5573_power_regulator_spawn_checklist_credit_and_completion_script_tested_pending_client_smoke,wildstar_client_mysql/Quest2.tbl.sql;wildstar_client_mysql/QuestObjective.tbl.sql;wildstar_client_mysql/TargetGroup.tbl.sql;wildstar_client_mysql/Creature2.tbl.sql;wildstar_client_mysql/WorldLocation2.tbl.sql;Tools/DataMapping/output/quest_objective_map.csv;Tools/DataMapping/output/creature_quest_map.csv;Tools/DataMapping/output/creature_spawn_map.csv;Source/NexusForever.Script.Main/Quests/CrimsonIsle/CrimsonIsleMapScript.cs;Source/NexusForever.Script.Main/Quests/CrimsonIsle/Q5573PoweringDown.cs;Source/NexusForever.Script.Main/Quests/CrimsonIsle/Q5575.cs;Source/NexusForever.WorldServer/Network/Message/Handler/Entity/InteractionObjectiveUpdater.cs;Source/NexusForever.Game/Spell/SpellEffectHandler.cs;Source/NexusForever.Game.Tests/Quests/CrimsonIsleBranchInteractionTests.cs;Source/NexusForever.Game.Tests/Quest/QuestTests.cs;Decomp/Analysis/QUEST_IMPLEMENTATION_STATUS.md;Decomp/Analysis/QUEST_IMPLEMENTATION_STATUS.md,pending,not_retail_complete,"Q5573 now has focused-test-backed server availability for three reviewed Power Regulator 24999 placements from DataMapping source_coordinate_ids 15177, 15176, and 15178 in world 870 area 1217 at the Megatech Shield Generator, with Creature2 24999 Simple entities and checklist indexes 1, 2, and 3 aligned to TargetGroup 2541. The stale single Creature2 24219 Q5573 fallback was removed. Generic interaction and activate-spell paths credit ActivateTargetGroupChecklist objective 8229, Q5573PoweringDownQuestScript queues the completion cinematic and hidden objective 12870 after 8229 completes, and completion grants Q5596 through the either-branch gate. Q5573 remains not retail-complete pending exact client activation/UI smoke, active-prop visual/despawn/respawn behavior, cinematic timing smoke, reward/progression side effects, and end-to-end Q5573->Q5596 smoke."
5575,5575,Seizing Power,curated_full,not_retail_complete,current_quest,quest_script,Q5575QuestScript,Source\NexusForever.Script.Main\Quests\CrimsonIsle\Q5575.cs,5575,runtime_q5575_power_regulator_spawn_checklist_credit_and_completion_script_tested_pending_client_smoke,wildstar_client_mysql/Quest2.tbl.sql;wildstar_client_mysql/QuestObjective.tbl.sql;wildstar_client_mysql/TargetGroup.tbl.sql;wildstar_client_mysql/Creature2.tbl.sql;wildstar_client_mysql/WorldLocation2.tbl.sql;Tools/DataMapping/output/quest_objective_map.csv;Tools/DataMapping/output/creature_quest_map.csv;Tools/DataMapping/output/creature_spawn_map.csv;Source/NexusForever.Script.Main/Quests/CrimsonIsle/CrimsonIsleMapScript.cs;Source/NexusForever.Script.Main/Quests/CrimsonIsle/Q5573PoweringDown.cs;Source/NexusForever.Script.Main/Quests/CrimsonIsle/Q5575.cs;Source/NexusForever.WorldServer/Network/Message/Handler/Entity/InteractionObjectiveUpdater.cs;Source/NexusForever.Game/Spell/SpellEffectHandler.cs;Source/NexusForever.Game.Tests/Quests/CrimsonIsleBranchInteractionTests.cs;Source/NexusForever.Game.Tests/Quest/QuestTests.cs;Decomp/Analysis/QUEST_IMPLEMENTATION_STATUS.md;Decomp/Analysis/QUEST_IMPLEMENTATION_STATUS.md,pending,not_retail_complete,"Q5575 now shares the focused-test-backed three reviewed Power Regulator 24999 placements from DataMapping source_coordinate_ids 15177, 15176, and 15178 in world 870 area 1217 with Q5573, using Creature2 24999 Simple entities and checklist indexes 1, 2, and 3 for TargetGroup 2541. Generic interaction and activate-spell paths credit ActivateTargetGroupChecklist objective 8371, Q5575QuestScript now credits hidden objective 12871 after 8371 completes without inventing an unproven cinematic, and completion grants Q5596 through the either-branch gate. Q5575 remains not retail-complete pending exact client activation/UI smoke, active-prop visual/despawn/respawn behavior, hidden-objective timing smoke, reward/progression side effects, and end-to-end Q5575->Q5596 smoke."
5580,5580,Enforced Radio Silence,curated_full,not_retail_complete,current_quest,quest_script,Q5580QuestScript,Source\NexusForever.Script.Main\Quests\CrimsonIsle\Q5580.cs,5580,runtime_q5580_tower_controls_kezrek_receiver_and_merge_gate_script_tested_pending_client_smoke,wildstar_client_mysql/Quest2.tbl.sql;wildstar_client_mysql/QuestObjective.tbl.sql;wildstar_client_mysql/TargetGroup.tbl.sql;wildstar_client_mysql/Creature2.tbl.sql;wildstar_client_mysql/WorldLocation2.tbl.sql;Tools/DataMapping/output/creature_quest_map.csv;Tools/DataMapping/output/creature_spawn_map.csv;Tools/DataMapping/sql/verify_safe_world_imports.sql;Source/NexusForever.Script.Main/Quests/CrimsonIsle/CrimsonIsleMapScript.cs;Source/NexusForever.Script.Main/Quests/CrimsonIsle/Q5580.cs;Source/NexusForever.WorldServer/Network/Message/Handler/Entity/InteractionObjectiveUpdater.cs;Source/NexusForever.Game/Spell/SpellEffectHandler.cs;Source/NexusForever.Game.Tests/Quests/CrimsonIsleBranchInteractionTests.cs;Source/NexusForever.Game.Tests/Quests/CrimsonIsleQuestChainTests.cs;Source/NexusForever.Game.Tests/Entity/InteractionObjectiveUpdaterTests.cs;Decomp/Analysis/QUEST_IMPLEMENTATION_STATUS.md;wildstar_client_mysql/Quest2.tbl.sql;wildstar_client_mysql/QuestObjective.tbl.sql;wildstar_client_mysql/TargetGroup.tbl.sql;wildstar_client_mysql/Creature2.tbl.sql;wildstar_client_mysql/WorldLocation2.tbl.sql;Tools/DataMapping/output/quest_objective_map.csv;Tools/DataMapping/output/creature_quest_map.csv;Tools/DataMapping/output/creature_spawn_map.csv;Source/NexusForever.Script.Main/Quests/CrimsonIsle/CrimsonIsleMapScript.cs;Source/NexusForever.Script.Main/Quests/CrimsonIsle/Q5583.cs;Source/NexusForever.Script.Main/Quests/CrimsonIsle/Q5594LastResistance.cs;Source/NexusForever.Game/AssetManager.cs;Source/NexusForever.Game/Quest/Quest.cs;Source/NexusForever.Game/Quest/QuestObjective.cs;Source/NexusForever.Game/Entity/UnitEntity.cs;Source/NexusForever.Game.Tests/Quests/CrimsonIsleBranchInteractionTests.cs;Source/NexusForever.Game.Tests/Quests/CrimsonIsleQuestChainTests.cs;Source/NexusForever.Game.Tests/Quest/AssetManagerTargetGroupTests.cs;Source/NexusForever.Game.Tests/Quest/QuestTests.cs;Decomp/Analysis/QUEST_IMPLEMENTATION_STATUS.md;Source/NexusForever.Game/Quest/GlobalQuestManager.cs;Source/NexusForever.Game.Tests/Quest/GlobalQuestManagerPartialTableTests.cs;Decomp/Analysis/QUEST_IMPLEMENTATION_STATUS.md,pending,not_retail_complete,"Q5580 now has focused-test-backed server availability for the two build 16042 Tower Controls 26559 Simple entities at Megatech Station, with checklist indexes 1 and 2 plus activePropIds 1137353 and 1137404. Generic interaction and activate-spell paths credit ActivateTargetGroupChecklist objective 8227, CrimsonIsleMapScript fallback-spawns Kezrek Warbringer 24158 at receiver location 17902, and GlobalQuestManager coverage uses the reviewed finisher relation 1559 as a Q5580 receiver override because Creature2 24158 omits Q5580 from direct QuestIdReceive slots. Q5580QuestScript preserves the Q5594 merge gate by granting Last Resistance only after Q5580 and Q5583 are both completed. Q5580 remains not retail-complete pending exact client activate/UI smoke, active-prop visual/despawn/respawn behavior, Kezrek dialog smoke and starter-slot explanation, reward/progression side effects, and end-to-end Q5604->Q5580/Q5583->Q5594 smoke."
5583,5583,Heavy Armor,curated_full,not_retail_complete,current_quest,quest_script,Q5583QuestScript,Source\NexusForever.Script.Main\Quests\CrimsonIsle\Q5583.cs,5583,runtime_q5583_heavy_armor_targets_kezrek_receiver_and_merge_gate_script_tested_pending_client_smoke,wildstar_client_mysql/Quest2.tbl.sql;wildstar_client_mysql/QuestObjective.tbl.sql;wildstar_client_mysql/TargetGroup.tbl.sql;wildstar_client_mysql/Creature2.tbl.sql;wildstar_client_mysql/WorldLocation2.tbl.sql;Tools/DataMapping/output/creature_quest_map.csv;Tools/DataMapping/output/creature_spawn_map.csv;Tools/DataMapping/sql/verify_safe_world_imports.sql;Source/NexusForever.Script.Main/Quests/CrimsonIsle/CrimsonIsleMapScript.cs;Source/NexusForever.Script.Main/Quests/CrimsonIsle/Q5580.cs;Source/NexusForever.WorldServer/Network/Message/Handler/Entity/InteractionObjectiveUpdater.cs;Source/NexusForever.Game/Spell/SpellEffectHandler.cs;Source/NexusForever.Game.Tests/Quests/CrimsonIsleBranchInteractionTests.cs;Source/NexusForever.Game.Tests/Quests/CrimsonIsleQuestChainTests.cs;Source/NexusForever.Game.Tests/Entity/InteractionObjectiveUpdaterTests.cs;Decomp/Analysis/QUEST_IMPLEMENTATION_STATUS.md;wildstar_client_mysql/Quest2.tbl.sql;wildstar_client_mysql/QuestObjective.tbl.sql;wildstar_client_mysql/TargetGroup.tbl.sql;wildstar_client_mysql/Creature2.tbl.sql;wildstar_client_mysql/WorldLocation2.tbl.sql;Tools/DataMapping/output/quest_objective_map.csv;Tools/DataMapping/output/creature_quest_map.csv;Tools/DataMapping/output/creature_spawn_map.csv;Source/NexusForever.Script.Main/Quests/CrimsonIsle/CrimsonIsleMapScript.cs;Source/NexusForever.Script.Main/Quests/CrimsonIsle/Q5583.cs;Source/NexusForever.Script.Main/Quests/CrimsonIsle/Q5594LastResistance.cs;Source/NexusForever.Game/AssetManager.cs;Source/NexusForever.Game/Quest/Quest.cs;Source/NexusForever.Game/Quest/QuestObjective.cs;Source/NexusForever.Game/Entity/UnitEntity.cs;Source/NexusForever.Game.Tests/Quests/CrimsonIsleBranchInteractionTests.cs;Source/NexusForever.Game.Tests/Quests/CrimsonIsleQuestChainTests.cs;Source/NexusForever.Game.Tests/Quest/AssetManagerTargetGroupTests.cs;Source/NexusForever.Game.Tests/Quest/QuestTests.cs;Decomp/Analysis/QUEST_IMPLEMENTATION_STATUS.md;Source/NexusForever.Game/Quest/GlobalQuestManager.cs;Source/NexusForever.Game.Tests/Quest/GlobalQuestManagerPartialTableTests.cs;Decomp/Analysis/QUEST_IMPLEMENTATION_STATUS.md,pending,not_retail_complete,"Q5583 now has focused-test-backed server availability for build 16042 Heavy Armor kill targets: Hellfire Tank 24255 and Vindicator Tank 24452 for objective 8231 plus six reviewed Megatech target-group members for objective 8372. Exact AssetManager target-group expansion coverage pins TargetGroups 3737 and 3812, generic UnitEntity kill-credit coverage maps target-group members to KillTargetGroups objectives, CrimsonIsleMapScript fallback-spawns Kezrek Warbringer 24158 at receiver location 17902, and GlobalQuestManager coverage uses the reviewed finisher relation 1560 as a Q5583 receiver override because Creature2 24158 omits Q5583 from direct QuestIdReceive slots. Q5583QuestScript preserves the Q5594 merge gate by granting Last Resistance only after Q5580 and Q5583 are both completed. Q5583 remains not retail-complete pending client tank/combat smoke, full target density review, Kezrek dialog/turn-in smoke and starter-slot explanation, reward/progression side effects, achievement UI, and end-to-end Q5604->Q5580/Q5583->Q5594 smoke."
5584,5584,Venomous Intent,curated_full,not_retail_complete,current_quest,quest_script,Q5584QuestScript,Source\NexusForever.Script.Main\Quests\CrimsonIsle\Q5584VenomousIntentQuestScript.cs,5584,runtime_curated_quest_script_pending_manual_smoke,Source/NexusForever.Script.Main;wildstar_client_mysql/Quest2.tbl.sql;Tools/WikiArchiveAudit/quest_implementation_audit.py;Decomp/Analysis/QUEST_IMPLEMENTATION_STATUS.md,pending,not_retail_complete,"Quest script hook is tracked, but retail completion needs objective/follow-up behavior proof, reward and achievement side effects, automated coverage, and client/manual smoke."
5593,5593,"Mind the Mines, Scrap the Scrab",curated_full,not_retail_complete,current_quest,quest_script,Q5593QuestScript,Source\NexusForever.Script.Main\Quests\CrimsonIsle\Q5593.cs,5593,runtime_curated_quest_script_pending_manual_smoke,Source/NexusForever.Script.Main;wildstar_client_mysql/Quest2.tbl.sql;Tools/WikiArchiveAudit/quest_implementation_audit.py;Decomp/Analysis/QUEST_IMPLEMENTATION_STATUS.md,pending,not_retail_complete,"Quest script hook is tracked, but retail completion needs objective/follow-up behavior proof, reward and achievement side effects, automated coverage, and client/manual smoke."
5594,5594,Last Resistance,curated_full,not_retail_complete,current_quest,quest_script,Q5594QuestScript,Source\NexusForever.Script.Main\Quests\CrimsonIsle\Q5594QuestScript.cs,5594,runtime_q5594_kezrek_receiver_ship_controls_and_warbot_credit_guard_tested_pending_client_smoke,wildstar_client_mysql/Quest2.tbl.sql;wildstar_client_mysql/QuestObjective.tbl.sql;wildstar_client_mysql/TargetGroup.tbl.sql;wildstar_client_mysql/Creature2.tbl.sql;wildstar_client_mysql/WorldLocation2.tbl.sql;Tools/DataMapping/output/creature_quest_map.csv;Tools/DataMapping/output/creature_spawn_map.csv;Tools/DataMapping/sql/verify_safe_world_imports.sql;Source/NexusForever.Script.Main/Quests/CrimsonIsle/CrimsonIsleMapScript.cs;Source/NexusForever.Script.Main/Quests/CrimsonIsle/Q5580.cs;Source/NexusForever.WorldServer/Network/Message/Handler/Entity/InteractionObjectiveUpdater.cs;Source/NexusForever.Game/Spell/SpellEffectHandler.cs;Source/NexusForever.Game.Tests/Quests/CrimsonIsleBranchInteractionTests.cs;Source/NexusForever.Game.Tests/Quests/CrimsonIsleQuestChainTests.cs;Source/NexusForever.Game.Tests/Entity/InteractionObjectiveUpdaterTests.cs;Decomp/Analysis/QUEST_IMPLEMENTATION_STATUS.md;wildstar_client_mysql/Quest2.tbl.sql;wildstar_client_mysql/QuestObjective.tbl.sql;wildstar_client_mysql/TargetGroup.tbl.sql;wildstar_client_mysql/Creature2.tbl.sql;wildstar_client_mysql/WorldLocation2.tbl.sql;Tools/DataMapping/output/quest_objective_map.csv;Tools/DataMapping/output/creature_quest_map.csv;Tools/DataMapping/output/creature_spawn_map.csv;Source/NexusForever.Script.Main/Quests/CrimsonIsle/CrimsonIsleMapScript.cs;Source/NexusForever.Script.Main/Quests/CrimsonIsle/Q5583.cs;Source/NexusForever.Script.Main/Quests/CrimsonIsle/Q5594LastResistance.cs;Source/NexusForever.Game/AssetManager.cs;Source/NexusForever.Game/Quest/Quest.cs;Source/NexusForever.Game/Quest/QuestObjective.cs;Source/NexusForever.Game/Entity/UnitEntity.cs;Source/NexusForever.Game.Tests/Quests/CrimsonIsleBranchInteractionTests.cs;Source/NexusForever.Game.Tests/Quests/CrimsonIsleQuestChainTests.cs;Source/NexusForever.Game.Tests/Quest/AssetManagerTargetGroupTests.cs;Source/NexusForever.Game.Tests/Quest/QuestTests.cs;Decomp/Analysis/QUEST_IMPLEMENTATION_STATUS.md;Source/NexusForever.Game/Quest/GlobalQuestManager.cs;Source/NexusForever.Game.Tests/Quest/GlobalQuestManagerPartialTableTests.cs;Decomp/Analysis/QUEST_IMPLEMENTATION_STATUS.md,pending,not_retail_complete,"Q5594 script coverage now includes Kezrek Warbringer 24158 server availability at the shared Crimson Isle handoff location 17902 with direct Creature2 QuestIdGiven/QuestIdReceive cache coverage for Q5594, the Last Resistance ship-controls activation/teleport path, and a guarded Megatech Warbot 31792 kill path: Q5594WarbotEntityScript grants achievement 1730 and objective 8249 only while Q5594 is accepted. This protects shared Creature2 31792 when spawned as a Q5583 Heavy Armor target-group member. Q5594 remains not retail-complete pending exact Kezrek dialog smoke, client ship-control access gating, warbot combat smoke, completion dialog/reward side effects, achievement UI, and end-to-end Q5594 smoke."
5595,5595,Blood in the Sand,curated_full,not_retail_complete,current_quest,quest_script,Q5595QuestScript,Source\NexusForever.Script.Main\Quests\CrimsonIsle\Q5595.cs,5595,runtime_curated_quest_script_pending_manual_smoke,Source/NexusForever.Script.Main;wildstar_client_mysql/Quest2.tbl.sql;Tools/WikiArchiveAudit/quest_implementation_audit.py;Decomp/Analysis/QUEST_IMPLEMENTATION_STATUS.md,pending,not_retail_complete,"Quest script hook is tracked, but retail completion needs objective/follow-up behavior proof, reward and achievement side effects, automated coverage, and client/manual smoke."
5596,5596,Ordnance Recovery,curated_full,not_retail_complete,current_quest,quest_script,Q5596QuestScript,Source\NexusForever.Script.Main\Quests\CrimsonIsle\Q5596.cs,5596,runtime_curated_quest_script_pending_manual_smoke,Source/NexusForever.Script.Main;wildstar_client_mysql/Quest2.tbl.sql;Tools/WikiArchiveAudit/quest_implementation_audit.py;Decomp/Analysis/QUEST_IMPLEMENTATION_STATUS.md,pending,not_retail_complete,"Quest script hook is tracked, but retail completion needs objective/follow-up behavior proof, reward and achievement side effects, automated coverage, and client/manual smoke."
5597,5597,Dregs and Thieves,curated_full,not_retail_complete,current_quest,quest_script,Q5597QuestScript,Source\NexusForever.Script.Main\Quests\CrimsonIsle\Q5597.cs,5597,runtime_q5597_chua_explosives_spawn_credit_and_followup_script_tested_external_video_observed_pending_local_client_smoke,wildstar_client_mysql/Quest2.tbl.sql;wildstar_client_mysql/QuestObjective.tbl.sql;wildstar_client_mysql/TargetGroup.tbl.sql;wildstar_client_mysql/Creature2.tbl.sql;wildstar_client_mysql/WorldLocation2.tbl.sql;Tools/DataMapping/output/quest_objective_map.csv;Tools/DataMapping/output/creature_quest_map.csv;Tools/DataMapping/output/creature_spawn_map.csv;Source/NexusForever.Script.Main/Quests/CrimsonIsle/CrimsonIsleMapScript.cs;Source/NexusForever.Script.Main/Quests/CrimsonIsle/Q5597.cs;Source/NexusForever.Game/Quest/Quest.cs;Source/NexusForever.Game/Quest/QuestObjective.cs;Source/NexusForever.Game.Tests/Quests/CrimsonIsleBranchInteractionTests.cs;Source/NexusForever.Game.Tests/Quest/QuestTests.cs;Decomp/Analysis/QUEST_IMPLEMENTATION_STATUS.md;Decomp/Analysis/VIDEO_EVIDENCE_MAP.md;I:/Videos/Wildstar Tutorial - Crimson Isle - Quests Part 1 (Dominion)/Wildstar Tutorial - Crimson Isle - Quests Part 1 (Dominion) (1080p_60fps_H264-128kbit_AAC).mp4;I:/Videos/Wildstar Tutorial - Crimson Isle - Quests Part 2 (Dominion)/Wildstar Tutorial - Crimson Isle - Quests Part 2 (Dominion) (1080p_30fps_H264-128kbit_AAC).mp4;Decomp/Analysis/QUEST_IMPLEMENTATION_STATUS.md,pending,not_retail_complete,"Q5597 now has focused-test-backed server availability for 30 reviewed Chua Explosives 24286 placements from DataMapping source_coordinate_ids 15489, 15490, 15491, 15492, 15493, 15494, 15857, 15858, 15859, 15860, 15861, 15862, 38874, 51929, 59776, 59777, 59778, 59779, 59780, 59781, 64334, 101493, 101494, 127169, 134970, 134971, 134972, 136408, 136864, and 147754 in world 870 area 1218, Q5597ChuaExplosivesEntityScript activation credit for virtual item 364 while Q5597 is accepted, the shared Mondo Zax 24187 fallback at receiver WorldLocation2 17803, and the Q5604 follow-up handoff. External Crimson Isle quest video corroborates the Q5597 client flow: Part 1 at 00:06:52 shows Mondo Zax offering Dregs and Thieves after Ordnance Recovery; Part 2 at 00:00:35 shows Chua Explosives with the Collect prompt, objective tracker, and 50% Retrieve Chua Explosives progress; Part 2 at 00:00:50 shows Quest Completed: Dregs and Thieves followed by the Q5604 Tactical Demolitions Mondo dialog/reward presentation. Online mirrors were found at youtube ids uu4avnomefU and YA0Gyn870aI. The quest remains not retail-complete because local emulator/client smoke is still required for exact density, route/map guidance, activation packet timing, respawn/despawn behavior, reward inventory persistence, achievement UI, duplicate/negative cases, and end-to-end Q5596->Q5597->Q5604. This is external video corroboration only, not local emulator proof; retail completion still needs a local build 16042 evidence bundle for route/map guidance, activation packet timing, despawn/respawn visual state, duplicate and negative cases, reward inventory persistence, achievement UI, and end-to-end Q5596->Q5597->Q5604 smoke."
5604,5604,Tactical Demolitions ,curated_full,not_retail_complete,current_quest,quest_script,Q5604TacticalDemolitionsQuestScript,Source\NexusForever.Script.Main\Quests\CrimsonIsle\Q5604TacticalDemolitions.cs,5604,runtime_q5604_exile_anti_air_cannon_spawn_checklist_credit_and_completion_script_tested_pending_client_smoke,wildstar_client_mysql/Quest2.tbl.sql;wildstar_client_mysql/QuestObjective.tbl.sql;wildstar_client_mysql/TargetGroup.tbl.sql;wildstar_client_mysql/Creature2.tbl.sql;wildstar_client_mysql/WorldLocation2.tbl.sql;Tools/DataMapping/output/quest_objective_map.csv;Tools/DataMapping/output/creature_quest_map.csv;Tools/DataMapping/output/creature_spawn_map.csv;Tools/DataMapping/sql/laughingws_small_world_wip_seed.sql;Tools/DataMapping/sql/verify_safe_world_imports.sql;Source/NexusForever.Script.Main/Quests/CrimsonIsle/CrimsonIsleMapScript.cs;Source/NexusForever.Script.Main/Quests/CrimsonIsle/Q5604TacticalDemolitions.cs;Source/NexusForever.WorldServer/Network/Message/Handler/Entity/InteractionObjectiveUpdater.cs;Source/NexusForever.Game/Spell/SpellEffectHandler.cs;Source/NexusForever.Game.Tests/Quests/CrimsonIsleBranchInteractionTests.cs;Source/NexusForever.Game.Tests/Quests/CrimsonIsleQuestChainTests.cs;Source/NexusForever.Game.Tests/Entity/InteractionObjectiveUpdaterTests.cs;Decomp/Analysis/QUEST_IMPLEMENTATION_STATUS.md;Decomp/Analysis/QUEST_IMPLEMENTATION_STATUS.md,pending,not_retail_complete,"Q5604 now has focused-test-backed server availability for the three build 16042 Exile Anti-Air Cannon 24298 Simple entities at the Megatech Gun Emplacement, with checklist indexes 1, 2, and 3 plus activePropIds 1085356, 1085429, and 1081959 from the small-world seed. Generic interaction and activate-spell paths credit ActivateTargetGroupChecklist objective 8268, Q5604TacticalDemolitionsQuestScript queues the completion cinematic and hidden objective 15918 after 8268 completes, and the completion hook grants Q5580 and Q5583. Q5604 remains not retail-complete pending exact client activate/destroy smoke, active-prop visual/despawn/respawn behavior, reward/progression side effects, and end-to-end Q5597->Q5604->Q5580/Q5583 smoke."
5610,5610,Dreg Mutations,no_objectives,not_retail_complete,current_quest,quest_script,Q5610QuestScript,Source\NexusForever.Script.Main\Quests\CrimsonIsle\Q5610.cs,5610,implemented_no_objective_script_lifecycle_tests_pending_dialog_smoke,Source/NexusForever.Script.Main;wildstar_client_mysql/Quest2.tbl.sql;Tools/WikiArchiveAudit/quest_implementation_audit.py;Decomp/Analysis/QUEST_IMPLEMENTATION_STATUS.md;Source/NexusForever.Game/Entity/QuestManager.cs;Source/NexusForever.Game.Tests/Quest/QuestTests.cs,pending,not_retail_complete,"No-objective quest script hook is row-tested through the shared QuestManager accept-to-achieved and visible-receiver completion paths for this Quest2 row; retail completion still needs client-visible dialog activation, exact row-specific reward and achievement side effects, and client/manual smoke."
8855,8855,"Stasis, Interrupted",curated_full,not_retail_complete,current_quest,quest_script,Q8855QuestScript,Source\NexusForever.Script.Main\Quests\CrimsonIsle\Q8855QuestScript.cs,8855,runtime_curated_quest_script_pending_manual_smoke,Source/NexusForever.Script.Main;wildstar_client_mysql/Quest2.tbl.sql;Tools/WikiArchiveAudit/quest_implementation_audit.py;Decomp/Analysis/QUEST_IMPLEMENTATION_STATUS.md,pending,not_retail_complete,"Quest script hook is tracked, but retail completion needs objective/follow-up behavior proof, reward and achievement side effects, automated coverage, and client/manual smoke."
10510,10510,Learning to Shop,curated_full,not_retail_complete,current_quest,quest_script,Q10510LearningToShopQuestScript,Source\NexusForever.Script.Main\Quests\Q10510LearningToShop.cs,10510,runtime_curated_quest_script_pending_manual_smoke,Source/NexusForever.Script.Main;wildstar_client_mysql/Quest2.tbl.sql;Tools/WikiArchiveAudit/quest_implementation_audit.py;Decomp/Analysis/QUEST_IMPLEMENTATION_STATUS.md,pending,not_retail_complete,"Quest script hook is tracked, but retail completion needs objective/follow-up behavior proof, reward and achievement side effects, automated coverage, and client/manual smoke."
10513,10513,Navigating Nexus,curated_full,not_retail_complete,current_quest,quest_script,StarterTutorialQuestScript,Source\NexusForever.Script.Main\Tutorial\StarterTutorialQuestScript.cs,10513;10521;10527;10532,runtime_curated_quest_script_pending_manual_smoke,Source/NexusForever.Script.Main;wildstar_client_mysql/Quest2.tbl.sql;Tools/WikiArchiveAudit/quest_implementation_audit.py;Decomp/Analysis/QUEST_IMPLEMENTATION_STATUS.md,pending,not_retail_complete,"Quest script hook is tracked, but retail completion needs objective/follow-up behavior proof, reward and achievement side effects, automated coverage, and client/manual smoke."
10518,10518,The Face of the Enemy,curated_full,not_retail_complete,current_quest,quest_script,Q10518CombatQuestScript,Source\NexusForever.Script.Main\Quests\Tutorial\Q10518Combat.cs,10518,runtime_curated_quest_script_pending_manual_smoke,Source/NexusForever.Script.Main;wildstar_client_mysql/Quest2.tbl.sql;Tools/WikiArchiveAudit/quest_implementation_audit.py;Decomp/Analysis/QUEST_IMPLEMENTATION_STATUS.md,pending,not_retail_complete,"Quest script hook is tracked, but retail completion needs objective/follow-up behavior proof, reward and achievement side effects, automated coverage, and client/manual smoke."
10519,10519,Servicing Circuitry,curated_full,not_retail_complete,current_quest,quest_script,Q10519PreparingForDepartureQuestScript,Source\NexusForever.Script.Main\Quests\Tutorial\Q10519PreparingForDeparture.cs,10519,runtime_curated_quest_script_pending_manual_smoke,Source/NexusForever.Script.Main;wildstar_client_mysql/Quest2.tbl.sql;Tools/WikiArchiveAudit/quest_implementation_audit.py;Decomp/Analysis/QUEST_IMPLEMENTATION_STATUS.md,pending,not_retail_complete,"Quest script hook is tracked, but retail completion needs objective/follow-up behavior proof, reward and achievement side effects, automated coverage, and client/manual smoke."
10520,10520,Deconstruct the Construct,curated_full,not_retail_complete,current_quest,quest_script,Q10520ShipInteriorQuestScript,Source\NexusForever.Script.Main\Quests\Tutorial\Q10520ShipInterior.cs,10520,runtime_curated_quest_script_pending_manual_smoke,Source/NexusForever.Script.Main;wildstar_client_mysql/Quest2.tbl.sql;Tools/WikiArchiveAudit/quest_implementation_audit.py;Decomp/Analysis/QUEST_IMPLEMENTATION_STATUS.md,pending,not_retail_complete,"Quest script hook is tracked, but retail completion needs objective/follow-up behavior proof, reward and achievement side effects, automated coverage, and client/manual smoke."
10521,10521,Navigating Nexus,curated_full,not_retail_complete,current_quest,quest_script,StarterTutorialQuestScript,Source\NexusForever.Script.Main\Tutorial\StarterTutorialQuestScript.cs,10513;10521;10527;10532,runtime_curated_quest_script_pending_manual_smoke,Source/NexusForever.Script.Main;wildstar_client_mysql/Quest2.tbl.sql;Tools/WikiArchiveAudit/quest_implementation_audit.py;Decomp/Analysis/QUEST_IMPLEMENTATION_STATUS.md,pending,not_retail_complete,"Quest script hook is tracked, but retail completion needs objective/follow-up behavior proof, reward and achievement side effects, automated coverage, and client/manual smoke."
10522,10522,Servicing Circuitry,curated_full,not_retail_complete,current_quest,quest_script,Q10522PreparingForDepartureQuestScript,Source\NexusForever.Script.Main\Quests\Tutorial\Q10522PreparingForDeparture.cs,10522,runtime_curated_quest_script_pending_manual_smoke,Source/NexusForever.Script.Main;wildstar_client_mysql/Quest2.tbl.sql;Tools/WikiArchiveAudit/quest_implementation_audit.py;Decomp/Analysis/QUEST_IMPLEMENTATION_STATUS.md,pending,not_retail_complete,"Quest script hook is tracked, but retail completion needs objective/follow-up behavior proof, reward and achievement side effects, automated coverage, and client/manual smoke."
10523,10523,Deconstruct the Construct,curated_full,not_retail_complete,current_quest,quest_script,Q10523ShipInteriorQuestScript,Source\NexusForever.Script.Main\Quests\Tutorial\Q10523ShipInterior.cs,10523,runtime_curated_quest_script_pending_manual_smoke,Source/NexusForever.Script.Main;wildstar_client_mysql/Quest2.tbl.sql;Tools/WikiArchiveAudit/quest_implementation_audit.py;Decomp/Analysis/QUEST_IMPLEMENTATION_STATUS.md,pending,not_retail_complete,"Quest script hook is tracked, but retail completion needs objective/follow-up behavior proof, reward and achievement side effects, automated coverage, and client/manual smoke."
10524,10524,The Face of the Enemy,curated_full,not_retail_complete,current_quest,quest_script,Q10524CombatQuestScript,Source\NexusForever.Script.Main\Quests\Tutorial\Q10524Combat.cs,10524,runtime_curated_quest_script_pending_manual_smoke,Source/NexusForever.Script.Main;wildstar_client_mysql/Quest2.tbl.sql;Tools/WikiArchiveAudit/quest_implementation_audit.py;Decomp/Analysis/QUEST_IMPLEMENTATION_STATUS.md,pending,not_retail_complete,"Quest script hook is tracked, but retail completion needs objective/follow-up behavior proof, reward and achievement side effects, automated coverage, and client/manual smoke."
10525,10525,A Claim to Stake,curated_full,not_retail_complete,current_quest,quest_script,Q10525CryopodConversationsQuestScript,Source\NexusForever.Script.Main\Quests\Tutorial\Q10525CryopodConversations.cs,10525,runtime_curated_quest_script_pending_manual_smoke,Source/NexusForever.Script.Main;wildstar_client_mysql/Quest2.tbl.sql;Tools/WikiArchiveAudit/quest_implementation_audit.py;Decomp/Analysis/QUEST_IMPLEMENTATION_STATUS.md,pending,not_retail_complete,"Quest script hook is tracked, but retail completion needs objective/follow-up behavior proof, reward and achievement side effects, automated coverage, and client/manual smoke."
10526,10526,A Claim to Stake,curated_full,not_retail_complete,current_quest,quest_script,Q10526CryopodConversationsQuestScript,Source\NexusForever.Script.Main\Quests\Tutorial\Q10526CryopodConversations.cs,10526,runtime_curated_quest_script_pending_manual_smoke,Source/NexusForever.Script.Main;wildstar_client_mysql/Quest2.tbl.sql;Tools/WikiArchiveAudit/quest_implementation_audit.py;Decomp/Analysis/QUEST_IMPLEMENTATION_STATUS.md,pending,not_retail_complete,"Quest script hook is tracked, but retail completion needs objective/follow-up behavior proof, reward and achievement side effects, automated coverage, and client/manual smoke."
10527,10527,Navigating Nexus,curated_full,not_retail_complete,current_quest,quest_script,StarterTutorialQuestScript,Source\NexusForever.Script.Main\Tutorial\StarterTutorialQuestScript.cs,10513;10521;10527;10532,runtime_curated_quest_script_pending_manual_smoke,Source/NexusForever.Script.Main;wildstar_client_mysql/Quest2.tbl.sql;Tools/WikiArchiveAudit/quest_implementation_audit.py;Decomp/Analysis/QUEST_IMPLEMENTATION_STATUS.md,pending,not_retail_complete,"Quest script hook is tracked, but retail completion needs objective/follow-up behavior proof, reward and achievement side effects, automated coverage, and client/manual smoke."
10528,10528,Bon Voyage,curated_full,not_retail_complete,current_quest,quest_script,Q10528EscapePodQuestScript,Source\NexusForever.Script.Main\Quests\Tutorial\Q10528EscapePod.cs,10528,runtime_curated_quest_script_pending_manual_smoke,Source/NexusForever.Script.Main;wildstar_client_mysql/Quest2.tbl.sql;Tools/WikiArchiveAudit/quest_implementation_audit.py;Decomp/Analysis/QUEST_IMPLEMENTATION_STATUS.md,pending,not_retail_complete,"Quest script hook is tracked, but retail completion needs objective/follow-up behavior proof, reward and achievement side effects, automated coverage, and client/manual smoke."
10530,10530,Bon Voyage,curated_full,not_retail_complete,current_quest,quest_script,Q10530EscapePodQuestScript,Source\NexusForever.Script.Main\Quests\Tutorial\Q10530EscapePod.cs,10530,runtime_curated_quest_script_pending_manual_smoke,Source/NexusForever.Script.Main;wildstar_client_mysql/Quest2.tbl.sql;Tools/WikiArchiveAudit/quest_implementation_audit.py;Decomp/Analysis/QUEST_IMPLEMENTATION_STATUS.md,pending,not_retail_complete,"Quest script hook is tracked, but retail completion needs objective/follow-up behavior proof, reward and achievement side effects, automated coverage, and client/manual smoke."
10532,10532,Navigating Nexus,curated_full,not_retail_complete,current_quest,quest_script,StarterTutorialQuestScript,Source\NexusForever.Script.Main\Tutorial\StarterTutorialQuestScript.cs,10513;10521;10527;10532,runtime_curated_quest_script_pending_manual_smoke,Source/NexusForever.Script.Main;wildstar_client_mysql/Quest2.tbl.sql;Tools/WikiArchiveAudit/quest_implementation_audit.py;Decomp/Analysis/QUEST_IMPLEMENTATION_STATUS.md,pending,not_retail_complete,"Quest script hook is tracked, but retail completion needs objective/follow-up behavior proof, reward and achievement side effects, automated coverage, and client/manual smoke."
10540,10540,Lots in Store!,curated_full,not_retail_complete,current_quest,quest_script,Q10540HoloTerminalQuestScript,Source\NexusForever.Script.Main\Quests\Tutorial\Q10540HoloTerminal.cs,10540,runtime_curated_quest_script_pending_manual_smoke,Source/NexusForever.Script.Main;wildstar_client_mysql/Quest2.tbl.sql;Tools/WikiArchiveAudit/quest_implementation_audit.py;Decomp/Analysis/QUEST_IMPLEMENTATION_STATUS.md,pending,not_retail_complete,"Quest script hook is tracked, but retail completion needs objective/follow-up behavior proof, reward and achievement side effects, automated coverage, and client/manual smoke."
10541,10541,Lots in Store!,curated_full,not_retail_complete,current_quest,quest_script,Q10541HoloTerminalQuestScript,Source\NexusForever.Script.Main\Quests\Tutorial\Q10541HoloTerminal.cs,10541,runtime_curated_quest_script_pending_manual_smoke,Source/NexusForever.Script.Main;wildstar_client_mysql/Quest2.tbl.sql;Tools/WikiArchiveAudit/quest_implementation_audit.py;Decomp/Analysis/QUEST_IMPLEMENTATION_STATUS.md,pending,not_retail_complete,"Quest script hook is tracked, but retail completion needs objective/follow-up behavior proof, reward and achievement side effects, automated coverage, and client/manual smoke."
10544,10544,Snowy Sanction,curated_full,not_retail_complete,current_quest,quest_script,Q10544SoldierKillQuestScript,Source\NexusForever.Script.Main\Quests\Paths\Q10544_46_ExileSoldier.cs,10544,runtime_curated_quest_script_pending_manual_smoke,Source/NexusForever.Script.Main;wildstar_client_mysql/Quest2.tbl.sql;Tools/WikiArchiveAudit/quest_implementation_audit.py;Decomp/Analysis/QUEST_IMPLEMENTATION_STATUS.md,pending,not_retail_complete,"Quest script hook is tracked, but retail completion needs objective/follow-up behavior proof, reward and achievement side effects, automated coverage, and client/manual smoke."
10545,10545,Stop Them Cold,curated_full,not_retail_complete,current_quest,quest_script,Q10545SoldierSpellQuestScript,Source\NexusForever.Script.Main\Quests\Paths\Q10544_46_ExileSoldier.cs,10545,runtime_curated_quest_script_pending_manual_smoke,Source/NexusForever.Script.Main;wildstar_client_mysql/Quest2.tbl.sql;Tools/WikiArchiveAudit/quest_implementation_audit.py;Decomp/Analysis/QUEST_IMPLEMENTATION_STATUS.md,pending,not_retail_complete,"Quest script hook is tracked, but retail completion needs objective/follow-up behavior proof, reward and achievement side effects, automated coverage, and client/manual smoke."
10546,10546,Data Dump,generic_with_script,not_retail_complete,current_quest,quest_script,Q10546SoldierActivateQuestScript,Source\NexusForever.Script.Main\Quests\Paths\Q10544_46_ExileSoldier.cs,10546,runtime_generic_quest_script_hook_pending_world_smoke,Source/NexusForever.Script.Main;wildstar_client_mysql/Quest2.tbl.sql;Tools/WikiArchiveAudit/quest_implementation_audit.py;Decomp/Analysis/QUEST_IMPLEMENTATION_STATUS.md,pending,not_retail_complete,"Quest script hook is tracked, but retail completion needs objective/follow-up behavior proof, reward and achievement side effects, automated coverage, and client/manual smoke."
10547,10547,Wintry Wetwork,curated_full,not_retail_complete,current_quest,quest_script,Q10547SettlerKillQuestScript,Source\NexusForever.Script.Main\Quests\Paths\Q10547_49_ExileSettler.cs,10547,runtime_curated_quest_script_pending_manual_smoke,Source/NexusForever.Script.Main;wildstar_client_mysql/Quest2.tbl.sql;Tools/WikiArchiveAudit/quest_implementation_audit.py;Decomp/Analysis/QUEST_IMPLEMENTATION_STATUS.md,pending,not_retail_complete,"Quest script hook is tracked, but retail completion needs objective/follow-up behavior proof, reward and achievement side effects, automated coverage, and client/manual smoke."
10548,10548,In Defense of Icefury,curated_full,not_retail_complete,current_quest,quest_script,Q10548SettlerSpellQuestScript,Source\NexusForever.Script.Main\Quests\Paths\Q10547_49_ExileSettler.cs,10548,runtime_curated_quest_script_pending_manual_smoke,Source/NexusForever.Script.Main;wildstar_client_mysql/Quest2.tbl.sql;Tools/WikiArchiveAudit/quest_implementation_audit.py;Decomp/Analysis/QUEST_IMPLEMENTATION_STATUS.md,pending,not_retail_complete,"Quest script hook is tracked, but retail completion needs objective/follow-up behavior proof, reward and achievement side effects, automated coverage, and client/manual smoke."
10549,10549,Information Interception,generic_with_script,not_retail_complete,current_quest,quest_script,Q10549SettlerActivateQuestScript,Source\NexusForever.Script.Main\Quests\Paths\Q10547_49_ExileSettler.cs,10549,runtime_generic_quest_script_hook_pending_world_smoke,Source/NexusForever.Script.Main;wildstar_client_mysql/Quest2.tbl.sql;Tools/WikiArchiveAudit/quest_implementation_audit.py;Decomp/Analysis/QUEST_IMPLEMENTATION_STATUS.md,pending,not_retail_complete,"Quest script hook is tracked, but retail completion needs objective/follow-up behavior proof, reward and achievement side effects, automated coverage, and client/manual smoke."
10550,10550,Blood Red Sands,curated_full,not_retail_complete,current_quest,quest_script,Q10550ExplorerKillQuestScript,Source\NexusForever.Script.Main\Quests\Paths\Q10550_52_ExileExplorer.cs,10550,runtime_curated_quest_script_pending_manual_smoke,Source/NexusForever.Script.Main;wildstar_client_mysql/Quest2.tbl.sql;Tools/WikiArchiveAudit/quest_implementation_audit.py;Decomp/Analysis/QUEST_IMPLEMENTATION_STATUS.md,pending,not_retail_complete,"Quest script hook is tracked, but retail completion needs objective/follow-up behavior proof, reward and achievement side effects, automated coverage, and client/manual smoke."
10551,10551,Crimson Coverage,curated_full,not_retail_complete,current_quest,quest_script,Q10551ExplorerSpellQuestScript,Source\NexusForever.Script.Main\Quests\Paths\Q10550_52_ExileExplorer.cs,10551,runtime_curated_quest_script_pending_manual_smoke,Source/NexusForever.Script.Main;wildstar_client_mysql/Quest2.tbl.sql;Tools/WikiArchiveAudit/quest_implementation_audit.py;Decomp/Analysis/QUEST_IMPLEMENTATION_STATUS.md,pending,not_retail_complete,"Quest script hook is tracked, but retail completion needs objective/follow-up behavior proof, reward and achievement side effects, automated coverage, and client/manual smoke."
10552,10552,Data in the Dust,generic_with_script,not_retail_complete,current_quest,quest_script,Q10552ExplorerCSIQuestScript,Source\NexusForever.Script.Main\Quests\Paths\Q10550_52_ExileExplorer.cs,10552,runtime_generic_quest_script_hook_pending_world_smoke,Source/NexusForever.Script.Main;wildstar_client_mysql/Quest2.tbl.sql;Tools/WikiArchiveAudit/quest_implementation_audit.py;Decomp/Analysis/QUEST_IMPLEMENTATION_STATUS.md,pending,not_retail_complete,"Quest script hook is tracked, but retail completion needs objective/follow-up behavior proof, reward and achievement side effects, automated coverage, and client/manual smoke."
10553,10553,Extreme Prejudice,curated_full,not_retail_complete,current_quest,quest_script,Q10553ScientistKillQuestScript,Source\NexusForever.Script.Main\Quests\Paths\Q10553_55_ExileScientist.cs,10553,runtime_curated_quest_script_pending_manual_smoke,Source/NexusForever.Script.Main;wildstar_client_mysql/Quest2.tbl.sql;Tools/WikiArchiveAudit/quest_implementation_audit.py;Decomp/Analysis/QUEST_IMPLEMENTATION_STATUS.md,pending,not_retail_complete,"Quest script hook is tracked, but retail completion needs objective/follow-up behavior proof, reward and achievement side effects, automated coverage, and client/manual smoke."
10554,10554,Automated Gunnery,curated_full,not_retail_complete,current_quest,quest_script,Q10554ScientistSpellQuestScript,Source\NexusForever.Script.Main\Quests\Paths\Q10553_55_ExileScientist.cs,10554,runtime_curated_quest_script_pending_manual_smoke,Source/NexusForever.Script.Main;wildstar_client_mysql/Quest2.tbl.sql;Tools/WikiArchiveAudit/quest_implementation_audit.py;Decomp/Analysis/QUEST_IMPLEMENTATION_STATUS.md,pending,not_retail_complete,"Quest script hook is tracked, but retail completion needs objective/follow-up behavior proof, reward and achievement side effects, automated coverage, and client/manual smoke."
10555,10555,Crimson Confidential,generic_with_script,not_retail_complete,current_quest,quest_script,Q10555ScientistCSIQuestScript,Source\NexusForever.Script.Main\Quests\Paths\Q10553_55_ExileScientist.cs,10555,runtime_generic_quest_script_hook_pending_world_smoke,Source/NexusForever.Script.Main;wildstar_client_mysql/Quest2.tbl.sql;Tools/WikiArchiveAudit/quest_implementation_audit.py;Decomp/Analysis/QUEST_IMPLEMENTATION_STATUS.md,pending,not_retail_complete,"Quest script hook is tracked, but retail completion needs objective/follow-up behavior proof, reward and achievement side effects, automated coverage, and client/manual smoke."
10556,10556,The Transmission is the Mission,curated_full,not_retail_complete,current_quest,quest_script,Q10556DomSoldierActivateQuestScript,Source\NexusForever.Script.Main\Quests\Paths\Q10556_57_DomSoldier.cs,10556,runtime_curated_quest_script_pending_manual_smoke,Source/NexusForever.Script.Main;wildstar_client_mysql/Quest2.tbl.sql;Tools/WikiArchiveAudit/quest_implementation_audit.py;Decomp/Analysis/QUEST_IMPLEMENTATION_STATUS.md,pending,not_retail_complete,"Quest script hook is tracked, but retail completion needs objective/follow-up behavior proof, reward and achievement side effects, automated coverage, and client/manual smoke."
10557,10557,Scattered Secrets,generic_with_script,not_retail_complete,current_quest,quest_script,Q10557DomSoldierCSIQuestScript,Source\NexusForever.Script.Main\Quests\Paths\Q10556_57_DomSoldier.cs,10557,runtime_generic_quest_script_hook_pending_world_smoke,Source/NexusForever.Script.Main;wildstar_client_mysql/Quest2.tbl.sql;Tools/WikiArchiveAudit/quest_implementation_audit.py;Decomp/Analysis/QUEST_IMPLEMENTATION_STATUS.md,pending,not_retail_complete,"Quest script hook is tracked, but retail completion needs objective/follow-up behavior proof, reward and achievement side effects, automated coverage, and client/manual smoke."
10558,10558,Communication in the Basin,curated_full,not_retail_complete,current_quest,quest_script,Q10558DomSettlerActivateQuestScript,Source\NexusForever.Script.Main\Quests\Paths\Q10558_59_DomSettler.cs,10558,runtime_curated_quest_script_pending_manual_smoke,Source/NexusForever.Script.Main;wildstar_client_mysql/Quest2.tbl.sql;Tools/WikiArchiveAudit/quest_implementation_audit.py;Decomp/Analysis/QUEST_IMPLEMENTATION_STATUS.md,pending,not_retail_complete,"Quest script hook is tracked, but retail completion needs objective/follow-up behavior proof, reward and achievement side effects, automated coverage, and client/manual smoke."
10559,10559,Capture the Cases,generic_with_script,not_retail_complete,current_quest,quest_script,Q10559DomSettlerCSIQuestScript,Source\NexusForever.Script.Main\Quests\Paths\Q10558_59_DomSettler.cs,10559,runtime_generic_quest_script_hook_pending_world_smoke,Source/NexusForever.Script.Main;wildstar_client_mysql/Quest2.tbl.sql;Tools/WikiArchiveAudit/quest_implementation_audit.py;Decomp/Analysis/QUEST_IMPLEMENTATION_STATUS.md,pending,not_retail_complete,"Quest script hook is tracked, but retail completion needs objective/follow-up behavior proof, reward and achievement side effects, automated coverage, and client/manual smoke."
26443,,,,,non_quest_script_owner,spell_script,MarauderMineExplosionSpellScript,Source\NexusForever.Script.Main\Spells\MarauderMineExplosionSpellScript.cs,26443,runtime_spell_script_owner_pending_spell_smoke,Source/NexusForever.Script.Main;wildstar_client_mysql/Quest2.tbl.sql;Tools/WikiArchiveAudit/quest_implementation_audit.py;Decomp/Analysis/QUEST_IMPLEMENTATION_STATUS.md,pending,not_retail_complete,ScriptFilterOwnerId does not match a current Quest2 row; tracked as related Script.Main runtime content pending owner-family evidence and smoke before it can support quest retail-completeness claims.
37302,,,,,non_quest_script_owner,spell_script,EngineerPulseBlastSpellScript,Source\NexusForever.Script.Main\Spells\EngineerPulseBlastSpellScript.cs,37302;56145;56146;56147;56148;56149;56150;56151;56152,runtime_spell_script_owner_pending_spell_smoke,Source/NexusForever.Script.Main;wildstar_client_mysql/Quest2.tbl.sql;Tools/WikiArchiveAudit/quest_implementation_audit.py;Decomp/Analysis/QUEST_IMPLEMENTATION_STATUS.md,pending,not_retail_complete,ScriptFilterOwnerId does not match a current Quest2 row; tracked as related Script.Main runtime content pending owner-family evidence and smoke before it can support quest retail-completeness claims.
56145,,,,,non_quest_script_owner,spell_script,EngineerPulseBlastSpellScript,Source\NexusForever.Script.Main\Spells\EngineerPulseBlastSpellScript.cs,37302;56145;56146;56147;56148;56149;56150;56151;56152,runtime_spell_script_owner_pending_spell_smoke,Source/NexusForever.Script.Main;wildstar_client_mysql/Quest2.tbl.sql;Tools/WikiArchiveAudit/quest_implementation_audit.py;Decomp/Analysis/QUEST_IMPLEMENTATION_STATUS.md,pending,not_retail_complete,ScriptFilterOwnerId does not match a current Quest2 row; tracked as related Script.Main runtime content pending owner-family evidence and smoke before it can support quest retail-completeness claims.
56146,,,,,non_quest_script_owner,spell_script,EngineerPulseBlastSpellScript,Source\NexusForever.Script.Main\Spells\EngineerPulseBlastSpellScript.cs,37302;56145;56146;56147;56148;56149;56150;56151;56152,runtime_spell_script_owner_pending_spell_smoke,Source/NexusForever.Script.Main;wildstar_client_mysql/Quest2.tbl.sql;Tools/WikiArchiveAudit/quest_implementation_audit.py;Decomp/Analysis/QUEST_IMPLEMENTATION_STATUS.md,pending,not_retail_complete,ScriptFilterOwnerId does not match a current Quest2 row; tracked as related Script.Main runtime content pending owner-family evidence and smoke before it can support quest retail-completeness claims.
56147,,,,,non_quest_script_owner,spell_script,EngineerPulseBlastSpellScript,Source\NexusForever.Script.Main\Spells\EngineerPulseBlastSpellScript.cs,37302;56145;56146;56147;56148;56149;56150;56151;56152,runtime_spell_script_owner_pending_spell_smoke,Source/NexusForever.Script.Main;wildstar_client_mysql/Quest2.tbl.sql;Tools/WikiArchiveAudit/quest_implementation_audit.py;Decomp/Analysis/QUEST_IMPLEMENTATION_STATUS.md,pending,not_retail_complete,ScriptFilterOwnerId does not match a current Quest2 row; tracked as related Script.Main runtime content pending owner-family evidence and smoke before it can support quest retail-completeness claims.
56148,,,,,non_quest_script_owner,spell_script,EngineerPulseBlastSpellScript,Source\NexusForever.Script.Main\Spells\EngineerPulseBlastSpellScript.cs,37302;56145;56146;56147;56148;56149;56150;56151;56152,runtime_spell_script_owner_pending_spell_smoke,Source/NexusForever.Script.Main;wildstar_client_mysql/Quest2.tbl.sql;Tools/WikiArchiveAudit/quest_implementation_audit.py;Decomp/Analysis/QUEST_IMPLEMENTATION_STATUS.md,pending,not_retail_complete,ScriptFilterOwnerId does not match a current Quest2 row; tracked as related Script.Main runtime content pending owner-family evidence and smoke before it can support quest retail-completeness claims.
56149,,,,,non_quest_script_owner,spell_script,EngineerPulseBlastSpellScript,Source\NexusForever.Script.Main\Spells\EngineerPulseBlastSpellScript.cs,37302;56145;56146;56147;56148;56149;56150;56151;56152,runtime_spell_script_owner_pending_spell_smoke,Source/NexusForever.Script.Main;wildstar_client_mysql/Quest2.tbl.sql;Tools/WikiArchiveAudit/quest_implementation_audit.py;Decomp/Analysis/QUEST_IMPLEMENTATION_STATUS.md,pending,not_retail_complete,ScriptFilterOwnerId does not match a current Quest2 row; tracked as related Script.Main runtime content pending owner-family evidence and smoke before it can support quest retail-completeness claims.
56150,,,,,non_quest_script_owner,spell_script,EngineerPulseBlastSpellScript,Source\NexusForever.Script.Main\Spells\EngineerPulseBlastSpellScript.cs,37302;56145;56146;56147;56148;56149;56150;56151;56152,runtime_spell_script_owner_pending_spell_smoke,Source/NexusForever.Script.Main;wildstar_client_mysql/Quest2.tbl.sql;Tools/WikiArchiveAudit/quest_implementation_audit.py;Decomp/Analysis/QUEST_IMPLEMENTATION_STATUS.md,pending,not_retail_complete,ScriptFilterOwnerId does not match a current Quest2 row; tracked as related Script.Main runtime content pending owner-family evidence and smoke before it can support quest retail-completeness claims.
56151,,,,,non_quest_script_owner,spell_script,EngineerPulseBlastSpellScript,Source\NexusForever.Script.Main\Spells\EngineerPulseBlastSpellScript.cs,37302;56145;56146;56147;56148;56149;56150;56151;56152,runtime_spell_script_owner_pending_spell_smoke,Source/NexusForever.Script.Main;wildstar_client_mysql/Quest2.tbl.sql;Tools/WikiArchiveAudit/quest_implementation_audit.py;Decomp/Analysis/QUEST_IMPLEMENTATION_STATUS.md,pending,not_retail_complete,ScriptFilterOwnerId does not match a current Quest2 row; tracked as related Script.Main runtime content pending owner-family evidence and smoke before it can support quest retail-completeness claims.
56152,,,,,non_quest_script_owner,spell_script,EngineerPulseBlastSpellScript,Source\NexusForever.Script.Main\Spells\EngineerPulseBlastSpellScript.cs,37302;56145;56146;56147;56148;56149;56150;56151;56152,runtime_spell_script_owner_pending_spell_smoke,Source/NexusForever.Script.Main;wildstar_client_mysql/Quest2.tbl.sql;Tools/WikiArchiveAudit/quest_implementation_audit.py;Decomp/Analysis/QUEST_IMPLEMENTATION_STATUS.md,pending,not_retail_complete,ScriptFilterOwnerId does not match a current Quest2 row; tracked as related Script.Main runtime content pending owner-family evidence and smoke before it can support quest retail-completeness claims.
