evidence_kind,script_scope,source_path,source_line,script_owner_ids,source_call,source_symbol,reference_id,client_link_status,client_text,client_world_id,client_world_zone_id,client_creature_id,cinematic_interface,cinematic_implementation_class,cinematic_implementation_path,cinematic_duration_ms,runtime_payload_status,enum_namespace,evidence_status,evidence_sources,manual_validation,completion_status,blocker_summary
script_cinematic_finish_hook,script_instance,Source\NexusForever.Script.Instance\EventInstance\ShadesEve\ShadesEveMainEventScript.cs,122,597,OnCinematicFinish,cinematicId,,runtime_callback_without_exact_client_id_gate,,,,,,,,,runtime_finish_callback_present,,script_cinematic_finish_hook_pending_exact_cinematic_id_gate_and_smoke,Source/NexusForever.Script.Main;Source/NexusForever.Script.Instance;Source/NexusForever.Game/Cinematic;wildstar_client_mysql/Cinematic.tbl.sql,pending,not_retail_complete,"Cinematic finish hook is tracked, but retail completion needs exact Cinematic.tbl id gating, replay/cancel behavior, progression side effects, and client smoke."
script_cinematic_finish_hook,script_instance,Source\NexusForever.Script.Instance\Expedition\EvilFromTheEther\EvilFromTheEtherEventScript.cs,766,781,OnCinematicFinish,cinematicId,,runtime_callback_without_exact_client_id_gate,,,,,,,,,runtime_finish_callback_present,,script_cinematic_finish_hook_pending_exact_cinematic_id_gate_and_smoke,Source/NexusForever.Script.Main;Source/NexusForever.Script.Instance;Source/NexusForever.Game/Cinematic;wildstar_client_mysql/Cinematic.tbl.sql,pending,not_retail_complete,"Cinematic finish hook is tracked, but retail completion needs exact Cinematic.tbl id gating, replay/cancel behavior, progression side effects, and client smoke."
script_cinematic_finish_hook,script_instance,Source\NexusForever.Script.Instance\Expedition\FragmentZero\FragmentZeroEventScript.cs,387,680,OnCinematicFinish,cinematicId,,runtime_callback_without_exact_client_id_gate,,,,,,,,,runtime_finish_callback_present,,script_cinematic_finish_hook_pending_exact_cinematic_id_gate_and_smoke,Source/NexusForever.Script.Main;Source/NexusForever.Script.Instance;Source/NexusForever.Game/Cinematic;wildstar_client_mysql/Cinematic.tbl.sql,pending,not_retail_complete,"Cinematic finish hook is tracked, but retail completion needs exact Cinematic.tbl id gating, replay/cancel behavior, progression side effects, and client smoke."
script_cinematic_finish_hook,script_instance,Source\NexusForever.Script.Instance\Raid\GeneticArchives\GeneticArchivesEventScript.cs,238,159,OnCinematicFinish,cinematicId,,runtime_callback_without_exact_client_id_gate,,,,,,,,,runtime_finish_callback_present,,script_cinematic_finish_hook_pending_exact_cinematic_id_gate_and_smoke,Source/NexusForever.Script.Main;Source/NexusForever.Script.Instance;Source/NexusForever.Game/Cinematic;wildstar_client_mysql/Cinematic.tbl.sql,pending,not_retail_complete,"Cinematic finish hook is tracked, but retail completion needs exact Cinematic.tbl id gating, replay/cancel behavior, progression side effects, and client smoke."
script_cinematic_reference,script_instance,Source\NexusForever.Script.Instance\Dungeon\RuinsOfKelVoreth\Script\BloodPitCinematicTriggerScript.cs,47,445,CreateCinematic,IRuinsOfKelVorethEnter,0,zero_runtime_cinematic_id,,,,,IRuinsOfKelVorethEnter,RuinsOfKelVorethEnter,Source\NexusForever.Game\Cinematic\Cinematics\RuinsOfKelVorethEnter.cs,0,runtime_placeholder_or_wip_payload,,script_cinematic_placeholder_pending_payload_mapping,Source/NexusForever.Script.Main;Source/NexusForever.Script.Instance;Source/NexusForever.Game/Cinematic/Cinematics;Source/NexusForever.Game.Abstract/Cinematic/Cinematics;Tools/DataMapping/output/client_source_cinematic_map.csv;wildstar_client_mysql/Cinematic.tbl.sql,pending,not_retail_complete,"Scripted cinematic reference is tracked, but retail completion needs exact trigger/replay timing, Cinematic.tbl id linkage, actor/camera/text payload proof, completion callback behavior, and client smoke."
script_cinematic_reference,script_instance,Source\NexusForever.Script.Instance\Dungeon\StormtalonsLair\StormtalonsLairEventScript.cs,285,145,QueueWipGuessedCinematic,IStormtalonLairStormtalonReborn,0,zero_runtime_cinematic_id,,,,,IStormtalonLairStormtalonReborn,StormtalonLairStormtalonReborn,Source\NexusForever.Game\Cinematic\Cinematics\StormtalonLairStormtalonReborn.cs,0,runtime_placeholder_or_wip_payload,,script_cinematic_placeholder_pending_payload_mapping,Source/NexusForever.Script.Main;Source/NexusForever.Script.Instance;Source/NexusForever.Game/Cinematic/Cinematics;Source/NexusForever.Game.Abstract/Cinematic/Cinematics;Tools/DataMapping/output/client_source_cinematic_map.csv;wildstar_client_mysql/Cinematic.tbl.sql,pending,not_retail_complete,"Scripted cinematic reference is tracked, but retail completion needs exact trigger/replay timing, Cinematic.tbl id linkage, actor/camera/text payload proof, completion callback behavior, and client smoke."
script_cinematic_reference,script_instance,Source\NexusForever.Script.Instance\EventInstance\ProtostarsSuperMallInTheSky\ProtostarsSuperMallInTheSkyMapScript.cs,43,3094,CreateCinematic,IProtostarSuperMallInTheSkyOnCreate,0,zero_runtime_cinematic_id,,,,,IProtostarSuperMallInTheSkyOnCreate,ProtostarSuperMallInTheSkyOnCreate,Source\NexusForever.Game\Cinematic\Cinematics\ProtostarSuperMallInTheSkyOnCreate.cs,0,runtime_placeholder_or_wip_payload,,script_cinematic_placeholder_pending_payload_mapping,Source/NexusForever.Script.Main;Source/NexusForever.Script.Instance;Source/NexusForever.Game/Cinematic/Cinematics;Source/NexusForever.Game.Abstract/Cinematic/Cinematics;Tools/DataMapping/output/client_source_cinematic_map.csv;wildstar_client_mysql/Cinematic.tbl.sql,pending,not_retail_complete,"Scripted cinematic reference is tracked, but retail completion needs exact trigger/replay timing, Cinematic.tbl id linkage, actor/camera/text payload proof, completion callback behavior, and client smoke."
script_cinematic_reference,script_instance,Source\NexusForever.Script.Instance\EventInstance\ShadesEve\ShadesEveMapScript.cs,38,3044,CreateCinematic,IShadesEveOnCreate,0,zero_runtime_cinematic_id,,,,,IShadesEveOnCreate,ShadesEveOnCreate,Source\NexusForever.Game\Cinematic\Cinematics\ShadesEveOnCreate.cs,0,runtime_placeholder_or_wip_payload,,script_cinematic_placeholder_pending_payload_mapping,Source/NexusForever.Script.Main;Source/NexusForever.Script.Instance;Source/NexusForever.Game/Cinematic/Cinematics;Source/NexusForever.Game.Abstract/Cinematic/Cinematics;Tools/DataMapping/output/client_source_cinematic_map.csv;wildstar_client_mysql/Cinematic.tbl.sql,pending,not_retail_complete,"Scripted cinematic reference is tracked, but retail completion needs exact trigger/replay timing, Cinematic.tbl id linkage, actor/camera/text payload proof, completion callback behavior, and client smoke."
script_cinematic_reference,script_instance,Source\NexusForever.Script.Instance\Expedition\DeepSpaceExploration\DeepSpaceExplorationMapScript.cs,43,2188,CreateCinematic,IDeepSpaceExplorationOnCreate,0,zero_runtime_cinematic_id,,,,,IDeepSpaceExplorationOnCreate,DeepSpaceExplorationOnCreate,Source\NexusForever.Game\Cinematic\Cinematics\DeepSpaceExplorationOnCreate.cs,0,runtime_placeholder_or_wip_payload,,script_cinematic_placeholder_pending_payload_mapping,Source/NexusForever.Script.Main;Source/NexusForever.Script.Instance;Source/NexusForever.Game/Cinematic/Cinematics;Source/NexusForever.Game.Abstract/Cinematic/Cinematics;Tools/DataMapping/output/client_source_cinematic_map.csv;wildstar_client_mysql/Cinematic.tbl.sql,pending,not_retail_complete,"Scripted cinematic reference is tracked, but retail completion needs exact trigger/replay timing, Cinematic.tbl id linkage, actor/camera/text payload proof, completion callback behavior, and client smoke."
script_cinematic_reference,script_instance,Source\NexusForever.Script.Instance\Expedition\EvilFromTheEther\EvilFromTheEtherEventScript.cs,346,781,CreateCinematic,IEvilFromTheEtherOnOpenMedbay,0,zero_runtime_cinematic_id,,,,,IEvilFromTheEtherOnOpenMedbay,EvilFromTheEtherOnOpenMedbay,Source\NexusForever.Game\Cinematic\Cinematics\EvilFromTheEtherOnOpenMedbay.cs,19800,runtime_placeholder_or_wip_payload,,script_cinematic_placeholder_pending_payload_mapping,Source/NexusForever.Script.Main;Source/NexusForever.Script.Instance;Source/NexusForever.Game/Cinematic/Cinematics;Source/NexusForever.Game.Abstract/Cinematic/Cinematics;Tools/DataMapping/output/client_source_cinematic_map.csv;wildstar_client_mysql/Cinematic.tbl.sql,pending,not_retail_complete,"Scripted cinematic reference is tracked, but retail completion needs exact trigger/replay timing, Cinematic.tbl id linkage, actor/camera/text payload proof, completion callback behavior, and client smoke."
script_cinematic_reference,script_instance,Source\NexusForever.Script.Instance\Expedition\EvilFromTheEther\EvilFromTheEtherEventScript.cs,406,781,CreateCinematic,IEvilFromTheEtherOnEthericOrganisms,0,zero_runtime_cinematic_id,,,,,IEvilFromTheEtherOnEthericOrganisms,EvilFromTheEtherOnEthericOrganisms,Source\NexusForever.Game\Cinematic\Cinematics\EvilFromTheEtherOnEthericOrganisms.cs,18033,runtime_placeholder_or_wip_payload,,script_cinematic_placeholder_pending_payload_mapping,Source/NexusForever.Script.Main;Source/NexusForever.Script.Instance;Source/NexusForever.Game/Cinematic/Cinematics;Source/NexusForever.Game.Abstract/Cinematic/Cinematics;Tools/DataMapping/output/client_source_cinematic_map.csv;wildstar_client_mysql/Cinematic.tbl.sql,pending,not_retail_complete,"Scripted cinematic reference is tracked, but retail completion needs exact trigger/replay timing, Cinematic.tbl id linkage, actor/camera/text payload proof, completion callback behavior, and client smoke."
script_cinematic_reference,script_instance,Source\NexusForever.Script.Instance\Expedition\EvilFromTheEther\EvilFromTheEtherMapScript.cs,35,3404,CreateCinematic,IEvilFromTheEtherOnCreate,0,zero_runtime_cinematic_id,,,,,IEvilFromTheEtherOnCreate,EvilFromTheEtherOnCreate,Source\NexusForever.Game\Cinematic\Cinematics\EvilFromTheEtherOnCreate.cs,28200,runtime_placeholder_or_wip_payload,,script_cinematic_placeholder_pending_payload_mapping,Source/NexusForever.Script.Main;Source/NexusForever.Script.Instance;Source/NexusForever.Game/Cinematic/Cinematics;Source/NexusForever.Game.Abstract/Cinematic/Cinematics;Tools/DataMapping/output/client_source_cinematic_map.csv;wildstar_client_mysql/Cinematic.tbl.sql,pending,not_retail_complete,"Scripted cinematic reference is tracked, but retail completion needs exact trigger/replay timing, Cinematic.tbl id linkage, actor/camera/text payload proof, completion callback behavior, and client smoke."
script_cinematic_reference,script_instance,Source\NexusForever.Script.Instance\Expedition\FragmentZero\FragmentZeroEventScript.cs,126,680,QueueWipGuessedCinematic,IFragmentZeroFirstWarning,0,zero_runtime_cinematic_id,,,,,IFragmentZeroFirstWarning,FragmentZeroFirstWarning,Source\NexusForever.Game\Cinematic\Cinematics\FragmentZeroFirstWarning.cs,0,runtime_placeholder_or_wip_payload,,script_cinematic_placeholder_pending_payload_mapping,Source/NexusForever.Script.Main;Source/NexusForever.Script.Instance;Source/NexusForever.Game/Cinematic/Cinematics;Source/NexusForever.Game.Abstract/Cinematic/Cinematics;Tools/DataMapping/output/client_source_cinematic_map.csv;wildstar_client_mysql/Cinematic.tbl.sql,pending,not_retail_complete,"Scripted cinematic reference is tracked, but retail completion needs exact trigger/replay timing, Cinematic.tbl id linkage, actor/camera/text payload proof, completion callback behavior, and client smoke."
script_cinematic_reference,script_instance,Source\NexusForever.Script.Instance\Expedition\FragmentZero\FragmentZeroMapScript.cs,38,3180,CreateCinematic,IFragmentZeroOnCreate,0,zero_runtime_cinematic_id,,,,,IFragmentZeroOnCreate,FragmentZeroOnCreate,Source\NexusForever.Game\Cinematic\Cinematics\FragmentZeroOnCreate.cs,0,runtime_placeholder_or_wip_payload,,script_cinematic_placeholder_pending_payload_mapping,Source/NexusForever.Script.Main;Source/NexusForever.Script.Instance;Source/NexusForever.Game/Cinematic/Cinematics;Source/NexusForever.Game.Abstract/Cinematic/Cinematics;Tools/DataMapping/output/client_source_cinematic_map.csv;wildstar_client_mysql/Cinematic.tbl.sql,pending,not_retail_complete,"Scripted cinematic reference is tracked, but retail completion needs exact trigger/replay timing, Cinematic.tbl id linkage, actor/camera/text payload proof, completion callback behavior, and client smoke."
script_cinematic_reference,script_instance,Source\NexusForever.Script.Instance\Expedition\Gauntlet\GauntletEventScript.cs,87,446,QueueWipGuessedCinematic,IGauntletFindOutWhatHappened,0,zero_runtime_cinematic_id,,,,,IGauntletFindOutWhatHappened,GauntletFindOutWhatHappened,Source\NexusForever.Game\Cinematic\Cinematics\GauntletFindOutWhatHappened.cs,0,runtime_placeholder_or_wip_payload,,script_cinematic_placeholder_pending_payload_mapping,Source/NexusForever.Script.Main;Source/NexusForever.Script.Instance;Source/NexusForever.Game/Cinematic/Cinematics;Source/NexusForever.Game.Abstract/Cinematic/Cinematics;Tools/DataMapping/output/client_source_cinematic_map.csv;wildstar_client_mysql/Cinematic.tbl.sql,pending,not_retail_complete,"Scripted cinematic reference is tracked, but retail completion needs exact trigger/replay timing, Cinematic.tbl id linkage, actor/camera/text payload proof, completion callback behavior, and client smoke."
script_cinematic_reference,script_instance,Source\NexusForever.Script.Instance\Expedition\Gauntlet\GauntletEventScript.cs,131,446,QueueWipGuessedCinematic,IGauntletOnSpawnBrickBraggor,0,zero_runtime_cinematic_id,,,,,IGauntletOnSpawnBrickBraggor,GauntletOnSpawnBrickBraggor,Source\NexusForever.Game\Cinematic\Cinematics\GauntletOnSpawnBrickBraggor.cs,0,runtime_placeholder_or_wip_payload,,script_cinematic_placeholder_pending_payload_mapping,Source/NexusForever.Script.Main;Source/NexusForever.Script.Instance;Source/NexusForever.Game/Cinematic/Cinematics;Source/NexusForever.Game.Abstract/Cinematic/Cinematics;Tools/DataMapping/output/client_source_cinematic_map.csv;wildstar_client_mysql/Cinematic.tbl.sql,pending,not_retail_complete,"Scripted cinematic reference is tracked, but retail completion needs exact trigger/replay timing, Cinematic.tbl id linkage, actor/camera/text payload proof, completion callback behavior, and client smoke."
script_cinematic_reference,script_instance,Source\NexusForever.Script.Instance\Expedition\Infestation\InfestationMapScript.cs,38,1232,CreateCinematic,IInfestationOnCreate,0,zero_runtime_cinematic_id,,,,,IInfestationOnCreate,InfestationOnCreate,Source\NexusForever.Game\Cinematic\Cinematics\InfestationOnCreate.cs,0,runtime_placeholder_or_wip_payload,,script_cinematic_placeholder_pending_payload_mapping,Source/NexusForever.Script.Main;Source/NexusForever.Script.Instance;Source/NexusForever.Game/Cinematic/Cinematics;Source/NexusForever.Game.Abstract/Cinematic/Cinematics;Tools/DataMapping/output/client_source_cinematic_map.csv;wildstar_client_mysql/Cinematic.tbl.sql,pending,not_retail_complete,"Scripted cinematic reference is tracked, but retail completion needs exact trigger/replay timing, Cinematic.tbl id linkage, actor/camera/text payload proof, completion callback behavior, and client smoke."
script_cinematic_reference,script_instance,Source\NexusForever.Script.Instance\Expedition\SpaceMadness\SpaceMadnessMapScript.cs,38,2149,CreateCinematic,ISpaceMadnessOnCreate,0,zero_runtime_cinematic_id,,,,,ISpaceMadnessOnCreate,SpaceMadnessOnCreate,Source\NexusForever.Game\Cinematic\Cinematics\SpaceMadnessOnCreate.cs,0,runtime_placeholder_or_wip_payload,,script_cinematic_placeholder_pending_payload_mapping,Source/NexusForever.Script.Main;Source/NexusForever.Script.Instance;Source/NexusForever.Game/Cinematic/Cinematics;Source/NexusForever.Game.Abstract/Cinematic/Cinematics;Tools/DataMapping/output/client_source_cinematic_map.csv;wildstar_client_mysql/Cinematic.tbl.sql,pending,not_retail_complete,"Scripted cinematic reference is tracked, but retail completion needs exact trigger/replay timing, Cinematic.tbl id linkage, actor/camera/text payload proof, completion callback behavior, and client smoke."
script_cinematic_reference,script_instance,Source\NexusForever.Script.Instance\Raid\Datascape\DatascapeEventScript.cs,320,157,QueueWipGuessedCinematic,IDatascapeAvatusSpawn,0,zero_runtime_cinematic_id,,,,,IDatascapeAvatusSpawn,DatascapeAvatusSpawn,Source\NexusForever.Game\Cinematic\Cinematics\DatascapeAvatusSpawn.cs,0,runtime_placeholder_or_wip_payload,,script_cinematic_placeholder_pending_payload_mapping,Source/NexusForever.Script.Main;Source/NexusForever.Script.Instance;Source/NexusForever.Game/Cinematic/Cinematics;Source/NexusForever.Game.Abstract/Cinematic/Cinematics;Tools/DataMapping/output/client_source_cinematic_map.csv;wildstar_client_mysql/Cinematic.tbl.sql,pending,not_retail_complete,"Scripted cinematic reference is tracked, but retail completion needs exact trigger/replay timing, Cinematic.tbl id linkage, actor/camera/text payload proof, completion callback behavior, and client smoke."
script_cinematic_reference,script_instance,Source\NexusForever.Script.Instance\Raid\GeneticArchives\GeneticArchivesEventScript.cs,105,159,QueueWipGuessedCinematic,IGeneticArchivesOpenOhmnaDoor,0,zero_runtime_cinematic_id,,,,,IGeneticArchivesOpenOhmnaDoor,GeneticArchivesOpenOhmnaDoor,Source\NexusForever.Game\Cinematic\Cinematics\GeneticArchivesOpenOhmnaDoor.cs,0,runtime_placeholder_or_wip_payload,,script_cinematic_placeholder_pending_payload_mapping,Source/NexusForever.Script.Main;Source/NexusForever.Script.Instance;Source/NexusForever.Game/Cinematic/Cinematics;Source/NexusForever.Game.Abstract/Cinematic/Cinematics;Tools/DataMapping/output/client_source_cinematic_map.csv;wildstar_client_mysql/Cinematic.tbl.sql,pending,not_retail_complete,"Scripted cinematic reference is tracked, but retail completion needs exact trigger/replay timing, Cinematic.tbl id linkage, actor/camera/text payload proof, completion callback behavior, and client smoke."
script_cinematic_reference,script_instance,Source\NexusForever.Script.Instance\Raid\InitializationCoreY83\InitializationCoreY83EventScript.cs,62,595,QueueWipGuessedCinematic,IInitializationCoreY83OpenDoor,0,zero_runtime_cinematic_id,,,,,IInitializationCoreY83OpenDoor,InitializationCoreY83OpenDoor,Source\NexusForever.Game\Cinematic\Cinematics\InitializationCoreY83OpenDoor.cs,0,runtime_placeholder_or_wip_payload,,script_cinematic_placeholder_pending_payload_mapping,Source/NexusForever.Script.Main;Source/NexusForever.Script.Instance;Source/NexusForever.Game/Cinematic/Cinematics;Source/NexusForever.Game.Abstract/Cinematic/Cinematics;Tools/DataMapping/output/client_source_cinematic_map.csv;wildstar_client_mysql/Cinematic.tbl.sql,pending,not_retail_complete,"Scripted cinematic reference is tracked, but retail completion needs exact trigger/replay timing, Cinematic.tbl id linkage, actor/camera/text payload proof, completion callback behavior, and client smoke."
script_cinematic_reference,script_instance,Source\NexusForever.Script.Instance\WorldStory\JourneyIntoOMNICore1\JourneyIntoOMNICore1MapScript.cs,43,3045,CreateCinematic,IJourneyIntoOMNICore1OnCreate,0,zero_runtime_cinematic_id,,,,,IJourneyIntoOMNICore1OnCreate,JourneyIntoOMNICore1OnCreate,Source\NexusForever.Game\Cinematic\Cinematics\JourneyIntoOMNICore1OnCreate.cs,0,runtime_placeholder_or_wip_payload,,script_cinematic_placeholder_pending_payload_mapping,Source/NexusForever.Script.Main;Source/NexusForever.Script.Instance;Source/NexusForever.Game/Cinematic/Cinematics;Source/NexusForever.Game.Abstract/Cinematic/Cinematics;Tools/DataMapping/output/client_source_cinematic_map.csv;wildstar_client_mysql/Cinematic.tbl.sql,pending,not_retail_complete,"Scripted cinematic reference is tracked, but retail completion needs exact trigger/replay timing, Cinematic.tbl id linkage, actor/camera/text payload proof, completion callback behavior, and client smoke."
script_cinematic_reference,script_main,Source\NexusForever.Script.Main\Quests\CrimsonIsle\CrimsonIsleMapScript.cs,50,870,CreateCinematic,ICrimsonIsleOnCreate,35,client_row_matched,,,,,ICrimsonIsleOnCreate,CrimsonIsleOnCreate,Source\NexusForever.Game\Cinematic\Cinematics\CrimsonIsleOnCreate.cs,18500,runtime_payload_present,,script_cinematic_runtime_payload_present_pending_trigger_timing_client_smoke,Source/NexusForever.Script.Main;Source/NexusForever.Script.Instance;Source/NexusForever.Game/Cinematic/Cinematics;Source/NexusForever.Game.Abstract/Cinematic/Cinematics;Tools/DataMapping/output/client_source_cinematic_map.csv;wildstar_client_mysql/Cinematic.tbl.sql,pending,not_retail_complete,"Scripted cinematic reference is tracked, but retail completion needs exact trigger/replay timing, Cinematic.tbl id linkage, actor/camera/text payload proof, completion callback behavior, and client smoke."
script_cinematic_reference,script_main,Source\NexusForever.Script.Main\Quests\CrimsonIsle\Q5573PoweringDown.cs,51,5573,CreateCinematic,IQ5573PoweringDownCinematic,,missing_runtime_cinematic_id,,,,,IQ5573PoweringDownCinematic,Q5573PoweringDownCinematic,Source\NexusForever.Game\Cinematic\Cinematics\Q5573PoweringDownCinematic.cs,14500,runtime_placeholder_or_wip_payload,,script_cinematic_placeholder_pending_payload_mapping,Source/NexusForever.Script.Main;Source/NexusForever.Script.Instance;Source/NexusForever.Game/Cinematic/Cinematics;Source/NexusForever.Game.Abstract/Cinematic/Cinematics;Tools/DataMapping/output/client_source_cinematic_map.csv;wildstar_client_mysql/Cinematic.tbl.sql,pending,not_retail_complete,"Scripted cinematic reference is tracked, but retail completion needs exact trigger/replay timing, Cinematic.tbl id linkage, actor/camera/text payload proof, completion callback behavior, and client smoke."
script_cinematic_reference,script_main,Source\NexusForever.Script.Main\Quests\CrimsonIsle\Q5604TacticalDemolitions.cs,57,5604,CreateCinematic,IQ5604TacticalDemolitionsCinematic,,missing_runtime_cinematic_id,,,,,IQ5604TacticalDemolitionsCinematic,Q5604TacticalDemolitionsCinematic,Source\NexusForever.Game\Cinematic\Cinematics\Q5604TacticalDemolitionsCinematic.cs,15000,runtime_placeholder_or_wip_payload,,script_cinematic_placeholder_pending_payload_mapping,Source/NexusForever.Script.Main;Source/NexusForever.Script.Instance;Source/NexusForever.Game/Cinematic/Cinematics;Source/NexusForever.Game.Abstract/Cinematic/Cinematics;Tools/DataMapping/output/client_source_cinematic_map.csv;wildstar_client_mysql/Cinematic.tbl.sql,pending,not_retail_complete,"Scripted cinematic reference is tracked, but retail completion needs exact trigger/replay timing, Cinematic.tbl id linkage, actor/camera/text payload proof, completion callback behavior, and client smoke."
script_cinematic_reference,script_main,Source\NexusForever.Script.Main\Quests\EverstarGrove\EverstarGroveMapScript.cs,34,990,CreateCinematic,IEverstarGroveOnCreate,35,client_row_matched,,,,,IEverstarGroveOnCreate,EverstarGroveOnCreate,Source\NexusForever.Game\Cinematic\Cinematics\EverstarGroveOnCreate.cs,15333,runtime_payload_present,,script_cinematic_runtime_payload_present_pending_trigger_timing_client_smoke,Source/NexusForever.Script.Main;Source/NexusForever.Script.Instance;Source/NexusForever.Game/Cinematic/Cinematics;Source/NexusForever.Game.Abstract/Cinematic/Cinematics;Tools/DataMapping/output/client_source_cinematic_map.csv;wildstar_client_mysql/Cinematic.tbl.sql,pending,not_retail_complete,"Scripted cinematic reference is tracked, but retail completion needs exact trigger/replay timing, Cinematic.tbl id linkage, actor/camera/text payload proof, completion callback behavior, and client smoke."
script_cinematic_reference,script_main,Source\NexusForever.Script.Main\Quests\LevianBay\LevianBayMapScript.cs,34,1387,CreateCinematic,ILevianBayOnCreate,28,client_row_matched,,,,,ILevianBayOnCreate,LevianBayOnCreate,Source\NexusForever.Game\Cinematic\Cinematics\LevianBayOnCreate.cs,34033,runtime_payload_present,,script_cinematic_runtime_payload_present_pending_trigger_timing_client_smoke,Source/NexusForever.Script.Main;Source/NexusForever.Script.Instance;Source/NexusForever.Game/Cinematic/Cinematics;Source/NexusForever.Game.Abstract/Cinematic/Cinematics;Tools/DataMapping/output/client_source_cinematic_map.csv;wildstar_client_mysql/Cinematic.tbl.sql,pending,not_retail_complete,"Scripted cinematic reference is tracked, but retail completion needs exact trigger/replay timing, Cinematic.tbl id linkage, actor/camera/text payload proof, completion callback behavior, and client smoke."
script_cinematic_reference,script_main,Source\NexusForever.Script.Main\Quests\NorthernWilds\NorthernWildsMapScript.cs,284,426,CreateCinematic,INorthernWildsOnCreate,35,client_row_matched,,,,,INorthernWildsOnCreate,NorthernWildsOnCreate,Source\NexusForever.Game\Cinematic\Cinematics\NorthernWildsOnCreate.cs,11000,runtime_payload_present,,script_cinematic_runtime_payload_present_pending_trigger_timing_client_smoke,Source/NexusForever.Script.Main;Source/NexusForever.Script.Instance;Source/NexusForever.Game/Cinematic/Cinematics;Source/NexusForever.Game.Abstract/Cinematic/Cinematics;Tools/DataMapping/output/client_source_cinematic_map.csv;wildstar_client_mysql/Cinematic.tbl.sql,pending,not_retail_complete,"Scripted cinematic reference is tracked, but retail completion needs exact trigger/replay timing, Cinematic.tbl id linkage, actor/camera/text payload proof, completion callback behavior, and client smoke."
script_cinematic_reference,script_main,Source\NexusForever.Script.Main\Quests\NorthernWilds\Q3486EmpoweredTower.cs,48,3486,CreateCinematic,IQ3486EmpoweredTowerCinematic,,missing_runtime_cinematic_id,,,,,IQ3486EmpoweredTowerCinematic,Q3486EmpoweredTowerCinematic,Source\NexusForever.Game\Cinematic\Cinematics\Q3486EmpoweredTowerCinematic.cs,17000,runtime_placeholder_or_wip_payload,,script_cinematic_placeholder_pending_payload_mapping,Source/NexusForever.Script.Main;Source/NexusForever.Script.Instance;Source/NexusForever.Game/Cinematic/Cinematics;Source/NexusForever.Game.Abstract/Cinematic/Cinematics;Tools/DataMapping/output/client_source_cinematic_map.csv;wildstar_client_mysql/Cinematic.tbl.sql,pending,not_retail_complete,"Scripted cinematic reference is tracked, but retail completion needs exact trigger/replay timing, Cinematic.tbl id linkage, actor/camera/text payload proof, completion callback behavior, and client smoke."
script_cinematic_reference,script_main,Source\NexusForever.Script.Main\Quests\NorthernWilds\Q3673ContactWithThayd.cs,111,3673,CreateCinematic,IQ3673ContactWithThaydCinematic,,missing_runtime_cinematic_id,,,,,IQ3673ContactWithThaydCinematic,Q3673ContactWithThaydCinematic,Source\NexusForever.Game\Cinematic\Cinematics\Q3673ContactWithThaydCinematic.cs,89333,runtime_placeholder_or_wip_payload,,script_cinematic_placeholder_pending_payload_mapping,Source/NexusForever.Script.Main;Source/NexusForever.Script.Instance;Source/NexusForever.Game/Cinematic/Cinematics;Source/NexusForever.Game.Abstract/Cinematic/Cinematics;Tools/DataMapping/output/client_source_cinematic_map.csv;wildstar_client_mysql/Cinematic.tbl.sql,pending,not_retail_complete,"Scripted cinematic reference is tracked, but retail completion needs exact trigger/replay timing, Cinematic.tbl id linkage, actor/camera/text payload proof, completion callback behavior, and client smoke."
script_cinematic_reference,script_main,Source\NexusForever.Script.Main\Quests\NorthernWilds\Q3963MoreImportantThanRevenge.cs,91,3963,CreateCinematic,IQ3963MoreImportantThanRevengeDepartureCinematic,,missing_runtime_cinematic_id,,,,,IQ3963MoreImportantThanRevengeDepartureCinematic,Q3963MoreImportantThanRevengeDepartureCinematic,Source\NexusForever.Game\Cinematic\Cinematics\Q3963MoreImportantThanRevengeDepartureCinematic.cs,,runtime_placeholder_or_wip_payload,,script_cinematic_placeholder_pending_payload_mapping,Source/NexusForever.Script.Main;Source/NexusForever.Script.Instance;Source/NexusForever.Game/Cinematic/Cinematics;Source/NexusForever.Game.Abstract/Cinematic/Cinematics;Tools/DataMapping/output/client_source_cinematic_map.csv;wildstar_client_mysql/Cinematic.tbl.sql,pending,not_retail_complete,"Scripted cinematic reference is tracked, but retail completion needs exact trigger/replay timing, Cinematic.tbl id linkage, actor/camera/text payload proof, completion callback behavior, and client smoke."
script_cinematic_reference,script_main,Source\NexusForever.Script.Main\Tutorial\TutorialCombatProjectorEntityScript.cs,110,,CreateCinematic,INoviceTutorialCombatProjector,,missing_runtime_cinematic_id,,,,,INoviceTutorialCombatProjector,NoviceTutorialCombatProjector,Source\NexusForever.Game\Cinematic\Cinematics\NoviceTutorialCombatProjector.cs,10000,runtime_placeholder_or_wip_payload,,script_cinematic_placeholder_pending_payload_mapping,Source/NexusForever.Script.Main;Source/NexusForever.Script.Instance;Source/NexusForever.Game/Cinematic/Cinematics;Source/NexusForever.Game.Abstract/Cinematic/Cinematics;Tools/DataMapping/output/client_source_cinematic_map.csv;wildstar_client_mysql/Cinematic.tbl.sql,pending,not_retail_complete,"Scripted cinematic reference is tracked, but retail completion needs exact trigger/replay timing, Cinematic.tbl id linkage, actor/camera/text payload proof, completion callback behavior, and client smoke."
script_cinematic_reference,script_main,Source\NexusForever.Script.Main\Tutorial\TutorialMapScript.cs,230,3460,CreateCinematic,INoviceTutorialOnEnter,,missing_runtime_cinematic_id,,,,,INoviceTutorialOnEnter,NoviceTutorialOnEnter,Source\NexusForever.Game\Cinematic\Cinematics\NoviceTutorialOnEnter.cs,50000,runtime_placeholder_or_wip_payload,,script_cinematic_placeholder_pending_payload_mapping,Source/NexusForever.Script.Main;Source/NexusForever.Script.Instance;Source/NexusForever.Game/Cinematic/Cinematics;Source/NexusForever.Game.Abstract/Cinematic/Cinematics;Tools/DataMapping/output/client_source_cinematic_map.csv;wildstar_client_mysql/Cinematic.tbl.sql,pending,not_retail_complete,"Scripted cinematic reference is tracked, but retail completion needs exact trigger/replay timing, Cinematic.tbl id linkage, actor/camera/text payload proof, completion callback behavior, and client smoke."
script_communicator_message,script_instance,Source\NexusForever.Script.Instance\Dungeon\ColdbloodCitadel\ColdbloodCitadelEventScript.cs,187,907,,CommunicatorMessage.TowerEngineerRenhakul1,8154,client_row_matched,Outsiders! You have come at last. Hurry. The Winterfury tribe cannot hold long. Lend what strength you can bring to bear.,0,6023,75707,,,,,,NexusForever.Script.Instance.Dungeon.ColdbloodCitadel,script_communicator_message_client_row_matched_pending_trigger_targeting_ui_smoke,Source/NexusForever.Script.Main;Source/NexusForever.Script.Instance;Tools/DataMapping/output/client_source_communicatormessages_map.csv;wildstar_client_mysql/CommunicatorMessages.tbl.sql;Source/NexusForever.Game/Quest,pending,not_retail_complete,"Scripted communicator message evidence is tracked, but retail completion needs exact trigger timing, recipient/faction targeting, chained message behavior, UI presentation, and content smoke."
script_communicator_message,script_instance,Source\NexusForever.Script.Instance\Dungeon\ColdbloodCitadel\ColdbloodCitadelEventScript.cs,281,907,,CommunicatorMessage.TowerEngineerRenhakul11,8164,client_row_matched,"Kherax was a master of his craft, designing this citadel. A shame he fell many years ago. He served the Masters well.",0,6023,75707,,,,,,NexusForever.Script.Instance.Dungeon.ColdbloodCitadel,script_communicator_message_client_row_matched_pending_trigger_targeting_ui_smoke,Source/NexusForever.Script.Main;Source/NexusForever.Script.Instance;Tools/DataMapping/output/client_source_communicatormessages_map.csv;wildstar_client_mysql/CommunicatorMessages.tbl.sql;Source/NexusForever.Game/Quest,pending,not_retail_complete,"Scripted communicator message evidence is tracked, but retail completion needs exact trigger timing, recipient/faction targeting, chained message behavior, UI presentation, and content smoke."
script_communicator_message,script_instance,Source\NexusForever.Script.Instance\Dungeon\ColdbloodCitadel\ColdbloodCitadelEventScript.cs,333,907,,CommunicatorMessage.TowerEngineerRenhakul4,8157,client_row_matched,"Bah! Too slow, outsiders! The monstrous king breathes once more! Your unworthy hands must destroy him before he walks free. Do not fail me!",0,6023,75707,,,,,,NexusForever.Script.Instance.Dungeon.ColdbloodCitadel,script_communicator_message_client_row_matched_pending_trigger_targeting_ui_smoke,Source/NexusForever.Script.Main;Source/NexusForever.Script.Instance;Tools/DataMapping/output/client_source_communicatormessages_map.csv;wildstar_client_mysql/CommunicatorMessages.tbl.sql;Source/NexusForever.Game/Quest,pending,not_retail_complete,"Scripted communicator message evidence is tracked, but retail completion needs exact trigger timing, recipient/faction targeting, chained message behavior, UI presentation, and content smoke."
script_communicator_message,script_instance,Source\NexusForever.Script.Instance\Dungeon\ProtogamesAcademy\ProtogamesAcademyEventScript.cs,196,667,,CommunicatorMessage.PhineasARotostar1,7438,client_row_matched,"You turned him into scrap metal, but it's time to evacuate!",0,4505,68342,,,,,,NexusForever.Script.Instance.Dungeon.ProtogamesAcademy,script_communicator_message_client_row_matched_pending_trigger_targeting_ui_smoke,Source/NexusForever.Script.Main;Source/NexusForever.Script.Instance;Tools/DataMapping/output/client_source_communicatormessages_map.csv;wildstar_client_mysql/CommunicatorMessages.tbl.sql;Source/NexusForever.Game/Quest,pending,not_retail_complete,"Scripted communicator message evidence is tracked, but retail completion needs exact trigger timing, recipient/faction targeting, chained message behavior, UI presentation, and content smoke."
script_communicator_message,script_instance,Source\NexusForever.Script.Instance\Dungeon\ProtogamesAcademy\ProtogamesAcademyEventScript.cs,204,667,,CommunicatorMessage.PhineasARotostar2,7439,client_row_matched,"Remember the importance of interrupting your foes, contestants, but this time there's a new challenge: Don't stand in the red!",0,4505,68342,,,,,,NexusForever.Script.Instance.Dungeon.ProtogamesAcademy,script_communicator_message_client_row_matched_pending_trigger_targeting_ui_smoke,Source/NexusForever.Script.Main;Source/NexusForever.Script.Instance;Tools/DataMapping/output/client_source_communicatormessages_map.csv;wildstar_client_mysql/CommunicatorMessages.tbl.sql;Source/NexusForever.Game/Quest,pending,not_retail_complete,"Scripted communicator message evidence is tracked, but retail completion needs exact trigger timing, recipient/faction targeting, chained message behavior, UI presentation, and content smoke."
script_communicator_message,script_instance,Source\NexusForever.Script.Instance\Dungeon\ProtogamesAcademy\ProtogamesAcademyEventScript.cs,209,667,,CommunicatorMessage.PhineasARotostar3,7440,client_row_matched,"You dodged her attacks AND you interrupted her spells, but this is no time for celebrating!",0,4505,68342,,,,,,NexusForever.Script.Instance.Dungeon.ProtogamesAcademy,script_communicator_message_client_row_matched_pending_trigger_targeting_ui_smoke,Source/NexusForever.Script.Main;Source/NexusForever.Script.Instance;Tools/DataMapping/output/client_source_communicatormessages_map.csv;wildstar_client_mysql/CommunicatorMessages.tbl.sql;Source/NexusForever.Game/Quest,pending,not_retail_complete,"Scripted communicator message evidence is tracked, but retail completion needs exact trigger timing, recipient/faction targeting, chained message behavior, UI presentation, and content smoke."
script_communicator_message,script_instance,Source\NexusForever.Script.Instance\Dungeon\ProtogamesAcademy\ProtogamesAcademyEventScript.cs,217,667,,CommunicatorMessage.PhineasARotostar4,7441,client_row_matched,"Our contestants know the drill by now. Let's see them flawlessly execute this fight. Interrupt those casts and stay out of the red, contestants!",0,4505,68342,,,,,,NexusForever.Script.Instance.Dungeon.ProtogamesAcademy,script_communicator_message_client_row_matched_pending_trigger_targeting_ui_smoke,Source/NexusForever.Script.Main;Source/NexusForever.Script.Instance;Tools/DataMapping/output/client_source_communicatormessages_map.csv;wildstar_client_mysql/CommunicatorMessages.tbl.sql;Source/NexusForever.Game/Quest,pending,not_retail_complete,"Scripted communicator message evidence is tracked, but retail completion needs exact trigger timing, recipient/faction targeting, chained message behavior, UI presentation, and content smoke."
script_communicator_message,script_instance,Source\NexusForever.Script.Instance\Dungeon\ProtogamesAcademy\ProtogamesAcademyEventScript.cs,222,667,,CommunicatorMessage.PhineasARotostar5,7442,client_row_matched,"Protostar congratulates you on a positive outcome! Congratulations, you!",0,4505,68342,,,,,,NexusForever.Script.Instance.Dungeon.ProtogamesAcademy,script_communicator_message_client_row_matched_pending_trigger_targeting_ui_smoke,Source/NexusForever.Script.Main;Source/NexusForever.Script.Instance;Tools/DataMapping/output/client_source_communicatormessages_map.csv;wildstar_client_mysql/CommunicatorMessages.tbl.sql;Source/NexusForever.Game/Quest,pending,not_retail_complete,"Scripted communicator message evidence is tracked, but retail completion needs exact trigger timing, recipient/faction targeting, chained message behavior, UI presentation, and content smoke."
script_communicator_message,script_instance,Source\NexusForever.Script.Instance\Dungeon\ProtogamesAcademy\ProtogamesAcademyEventScript.cs,234,667,,CommunicatorMessage.PhineasARotostar6,7443,client_row_matched,"Well done, contestants! You dealt with additional enemies and managed threat generation to win like experts!",0,4505,68342,,,,,,NexusForever.Script.Instance.Dungeon.ProtogamesAcademy,script_communicator_message_client_row_matched_pending_trigger_targeting_ui_smoke,Source/NexusForever.Script.Main;Source/NexusForever.Script.Instance;Tools/DataMapping/output/client_source_communicatormessages_map.csv;wildstar_client_mysql/CommunicatorMessages.tbl.sql;Source/NexusForever.Game/Quest,pending,not_retail_complete,"Scripted communicator message evidence is tracked, but retail completion needs exact trigger timing, recipient/faction targeting, chained message behavior, UI presentation, and content smoke."
script_communicator_message,script_instance,Source\NexusForever.Script.Instance\Dungeon\ProtogamesAcademy\ProtogamesAcademyEventScript.cs,242,667,,CommunicatorMessage.PhineasARotostar7,7444,client_row_matched,"Let's see how well these contestants manage threat when asked to move around. Watch your step, folks!",0,4505,68342,,,,,,NexusForever.Script.Instance.Dungeon.ProtogamesAcademy,script_communicator_message_client_row_matched_pending_trigger_targeting_ui_smoke,Source/NexusForever.Script.Main;Source/NexusForever.Script.Instance;Tools/DataMapping/output/client_source_communicatormessages_map.csv;wildstar_client_mysql/CommunicatorMessages.tbl.sql;Source/NexusForever.Game/Quest,pending,not_retail_complete,"Scripted communicator message evidence is tracked, but retail completion needs exact trigger timing, recipient/faction targeting, chained message behavior, UI presentation, and content smoke."
script_communicator_message,script_instance,Source\NexusForever.Script.Instance\Dungeon\ProtogamesAcademy\ProtogamesAcademyEventScript.cs,247,667,,CommunicatorMessage.PhineasARotostar8,7446,client_row_matched,"Our contestants have overcome every challenge, but will they finally meet their match with this next foe? Let's find out!",0,4505,68342,,,,,,NexusForever.Script.Instance.Dungeon.ProtogamesAcademy,script_communicator_message_client_row_matched_pending_trigger_targeting_ui_smoke,Source/NexusForever.Script.Main;Source/NexusForever.Script.Instance;Tools/DataMapping/output/client_source_communicatormessages_map.csv;wildstar_client_mysql/CommunicatorMessages.tbl.sql;Source/NexusForever.Game/Quest,pending,not_retail_complete,"Scripted communicator message evidence is tracked, but retail completion needs exact trigger timing, recipient/faction targeting, chained message behavior, UI presentation, and content smoke."
script_communicator_message,script_instance,Source\NexusForever.Script.Instance\Dungeon\ProtogamesAcademy\ProtogamesAcademyEventScript.cs,259,667,,CommunicatorMessage.PhineasARotostar9,7447,client_row_matched,"You passed this last test with flying colors, contestants! Well done!",0,4505,68342,,,,,,NexusForever.Script.Instance.Dungeon.ProtogamesAcademy,script_communicator_message_client_row_matched_pending_trigger_targeting_ui_smoke,Source/NexusForever.Script.Main;Source/NexusForever.Script.Instance;Tools/DataMapping/output/client_source_communicatormessages_map.csv;wildstar_client_mysql/CommunicatorMessages.tbl.sql;Source/NexusForever.Game/Quest,pending,not_retail_complete,"Scripted communicator message evidence is tracked, but retail completion needs exact trigger timing, recipient/faction targeting, chained message behavior, UI presentation, and content smoke."
script_communicator_message,script_instance,Source\NexusForever.Script.Instance\Dungeon\RuinsOfKelVoreth\Script\DigsiteScarMessageTriggerScript.cs,11,847,,CommunicatorMessage.AvraDarkos5,3957,client_row_matched,Rotted ruin! Defense systems. You'll be safer if you can shut down the lab's phase blasters. Or feel free to be vaporized. The choice is up to you.,0,1329,39809,,,,,,NexusForever.Script.Instance.Dungeon.RuinsOfKelVoreth,script_communicator_message_client_row_matched_pending_trigger_targeting_ui_smoke,Source/NexusForever.Script.Main;Source/NexusForever.Script.Instance;Tools/DataMapping/output/client_source_communicatormessages_map.csv;wildstar_client_mysql/CommunicatorMessages.tbl.sql;Source/NexusForever.Game/Quest,pending,not_retail_complete,"Scripted communicator message evidence is tracked, but retail completion needs exact trigger timing, recipient/faction targeting, chained message behavior, UI presentation, and content smoke."
script_communicator_message,script_instance,Source\NexusForever.Script.Instance\Dungeon\RuinsOfKelVoreth\Script\DrokkMessageTriggerScript.cs,16,446,,CommunicatorMessage.AvraDarkos6,3958,client_row_matched,"What's this? A war construct has enslaved its beastly mechanical brethren. I don't care how it was done, destroy him!",0,1329,39809,,,,,,NexusForever.Script.Instance.Dungeon.RuinsOfKelVoreth,script_communicator_message_client_row_matched_pending_trigger_targeting_ui_smoke,Source/NexusForever.Script.Main;Source/NexusForever.Script.Instance;Tools/DataMapping/output/client_source_communicatormessages_map.csv;wildstar_client_mysql/CommunicatorMessages.tbl.sql;Source/NexusForever.Game/Quest,pending,not_retail_complete,"Scripted communicator message evidence is tracked, but retail completion needs exact trigger timing, recipient/faction targeting, chained message behavior, UI presentation, and content smoke."
script_communicator_message,script_instance,Source\NexusForever.Script.Instance\Dungeon\RuinsOfKelVoreth\Script\DrokkMessageTriggerScript.cs,16,446,,CommunicatorMessage.ToricAntevian5,3946,client_row_matched,"By the Scions, look at that mechanical monstrosity! Somehow it's controlling Eldan constructs - probably using something the Osun unearthed below. In the name of Dominus, destroy that machine!",0,1329,39831,,,,,,NexusForever.Script.Instance.Dungeon.RuinsOfKelVoreth,script_communicator_message_client_row_matched_pending_trigger_targeting_ui_smoke,Source/NexusForever.Script.Main;Source/NexusForever.Script.Instance;Tools/DataMapping/output/client_source_communicatormessages_map.csv;wildstar_client_mysql/CommunicatorMessages.tbl.sql;Source/NexusForever.Game/Quest,pending,not_retail_complete,"Scripted communicator message evidence is tracked, but retail completion needs exact trigger timing, recipient/faction targeting, chained message behavior, UI presentation, and content smoke."
script_communicator_message,script_instance,Source\NexusForever.Script.Instance\Dungeon\RuinsOfKelVoreth\Script\TheExaniteForgesMessageTriggerScript.cs,11,449,,CommunicatorMessage.AvraDarkos8,3960,client_row_matched,I can barely believe the Osun were once capable of such complex and colossal craftsmanship. We mustn't let them regain their bygone glory.,0,1329,39809,,,,,,NexusForever.Script.Instance.Dungeon.RuinsOfKelVoreth,script_communicator_message_client_row_matched_pending_trigger_targeting_ui_smoke,Source/NexusForever.Script.Main;Source/NexusForever.Script.Instance;Tools/DataMapping/output/client_source_communicatormessages_map.csv;wildstar_client_mysql/CommunicatorMessages.tbl.sql;Source/NexusForever.Game/Quest,pending,not_retail_complete,"Scripted communicator message evidence is tracked, but retail completion needs exact trigger timing, recipient/faction targeting, chained message behavior, UI presentation, and content smoke."
script_communicator_message,script_instance,Source\NexusForever.Script.Instance\Dungeon\SanctuaryOfTheSwordmaiden\SanctuaryOfTheSwordmaidenEventScript.cs,68,166,,CommunicatorMessage.SpiritMotherSelene14,4829,client_row_matched,"Dareia. Among the Sisters of Toria, she was one of the strongest. I will mourn her.",0,0,49505,,,,,,NexusForever.Script.Instance.Dungeon.SanctuaryOfTheSwordmaiden,script_communicator_message_client_row_matched_pending_trigger_targeting_ui_smoke,Source/NexusForever.Script.Main;Source/NexusForever.Script.Instance;Tools/DataMapping/output/client_source_communicatormessages_map.csv;wildstar_client_mysql/CommunicatorMessages.tbl.sql;Source/NexusForever.Game/Quest,pending,not_retail_complete,"Scripted communicator message evidence is tracked, but retail completion needs exact trigger timing, recipient/faction targeting, chained message behavior, UI presentation, and content smoke."
script_communicator_message,script_instance,Source\NexusForever.Script.Instance\Dungeon\SanctuaryOfTheSwordmaiden\Script\FlameMinibossMessageTriggerScript.cs,46,504,,CommunicatorMessage.SpiritMotherSelene8,4823,client_row_matched,"What is this foul thing? It radiates immense power, but it has defiled this grove. In the name of Vitara, kill him!",0,0,49505,,,,,,NexusForever.Script.Instance.Dungeon.SanctuaryOfTheSwordmaiden,script_communicator_message_client_row_matched_pending_trigger_targeting_ui_smoke,Source/NexusForever.Script.Main;Source/NexusForever.Script.Instance;Tools/DataMapping/output/client_source_communicatormessages_map.csv;wildstar_client_mysql/CommunicatorMessages.tbl.sql;Source/NexusForever.Game/Quest,pending,not_retail_complete,"Scripted communicator message evidence is tracked, but retail completion needs exact trigger timing, recipient/faction targeting, chained message behavior, UI presentation, and content smoke."
script_communicator_message,script_instance,Source\NexusForever.Script.Instance\Dungeon\Skullcano\SkullcanoEventScript.cs,94,148,,CommunicatorMessage.ArtemisZin2,2515,client_row_matched,"Sensors show a spike in ambient temperature! Never fear... Chief Kaskalak has some ""Lopp magic"" to help his friends survive the volcano's heat.",0,0,25781,,,,,,NexusForever.Script.Instance.Dungeon.Skullcano,script_communicator_message_client_row_matched_pending_trigger_targeting_ui_smoke,Source/NexusForever.Script.Main;Source/NexusForever.Script.Instance;Tools/DataMapping/output/client_source_communicatormessages_map.csv;wildstar_client_mysql/CommunicatorMessages.tbl.sql;Source/NexusForever.Game/Quest,pending,not_retail_complete,"Scripted communicator message evidence is tracked, but retail completion needs exact trigger timing, recipient/faction targeting, chained message behavior, UI presentation, and content smoke."
script_communicator_message,script_instance,Source\NexusForever.Script.Instance\Dungeon\Skullcano\SkullcanoEventScript.cs,94,148,,CommunicatorMessage.DorianWalker2,2514,client_row_matched,"Hold up, sport! The temperature's spikin' somethin' fierce! Look for Chief Kaskalak. He's got some ""Lopp magic"" that'll help ya survive the volcano's heat!",0,0,25779,,,,,,NexusForever.Script.Instance.Dungeon.Skullcano,script_communicator_message_client_row_matched_pending_trigger_targeting_ui_smoke,Source/NexusForever.Script.Main;Source/NexusForever.Script.Instance;Tools/DataMapping/output/client_source_communicatormessages_map.csv;wildstar_client_mysql/CommunicatorMessages.tbl.sql;Source/NexusForever.Game/Quest,pending,not_retail_complete,"Scripted communicator message evidence is tracked, but retail completion needs exact trigger timing, recipient/faction targeting, chained message behavior, UI presentation, and content smoke."
script_communicator_message,script_instance,Source\NexusForever.Script.Instance\Dungeon\Skullcano\SkullcanoEventScript.cs,110,148,,CommunicatorMessage.ArtemisZin3,2516,client_row_matched,"Oh, Light of the Luminai! The heat in there is getting worse! Watch out for lava flows, and the local inhabitants.",0,0,25781,,,,,,NexusForever.Script.Instance.Dungeon.Skullcano,script_communicator_message_client_row_matched_pending_trigger_targeting_ui_smoke,Source/NexusForever.Script.Main;Source/NexusForever.Script.Instance;Tools/DataMapping/output/client_source_communicatormessages_map.csv;wildstar_client_mysql/CommunicatorMessages.tbl.sql;Source/NexusForever.Game/Quest,pending,not_retail_complete,"Scripted communicator message evidence is tracked, but retail completion needs exact trigger timing, recipient/faction targeting, chained message behavior, UI presentation, and content smoke."
script_communicator_message,script_instance,Source\NexusForever.Script.Instance\Dungeon\Skullcano\SkullcanoEventScript.cs,110,148,,CommunicatorMessage.DorianWalker3,2517,client_row_matched,"I'm seein' lots of lava up ahead, buck. Some hostile natives, too, looks like. Watch your step!",0,0,25779,,,,,,NexusForever.Script.Instance.Dungeon.Skullcano,script_communicator_message_client_row_matched_pending_trigger_targeting_ui_smoke,Source/NexusForever.Script.Main;Source/NexusForever.Script.Instance;Tools/DataMapping/output/client_source_communicatormessages_map.csv;wildstar_client_mysql/CommunicatorMessages.tbl.sql;Source/NexusForever.Game/Quest,pending,not_retail_complete,"Scripted communicator message evidence is tracked, but retail completion needs exact trigger timing, recipient/faction targeting, chained message behavior, UI presentation, and content smoke."
script_communicator_message,script_instance,Source\NexusForever.Script.Instance\Dungeon\Skullcano\SkullcanoEventScript.cs,116,148,,CommunicatorMessage.ArtemisZin4,2519,client_row_matched,Not bad. You should be able to see the Redmoon's operations from where you are. I need coverage here - what are they up to?,0,0,25781,,,,,,NexusForever.Script.Instance.Dungeon.Skullcano,script_communicator_message_client_row_matched_pending_trigger_targeting_ui_smoke,Source/NexusForever.Script.Main;Source/NexusForever.Script.Instance;Tools/DataMapping/output/client_source_communicatormessages_map.csv;wildstar_client_mysql/CommunicatorMessages.tbl.sql;Source/NexusForever.Game/Quest,pending,not_retail_complete,"Scripted communicator message evidence is tracked, but retail completion needs exact trigger timing, recipient/faction targeting, chained message behavior, UI presentation, and content smoke."
script_communicator_message,script_instance,Source\NexusForever.Script.Instance\Dungeon\Skullcano\SkullcanoEventScript.cs,116,148,,CommunicatorMessage.DorianWalker4,2518,client_row_matched,"You should be lookin' at the Redmoon camp, boss. Time to get in there 'n' find out what they're up to!",0,0,25779,,,,,,NexusForever.Script.Instance.Dungeon.Skullcano,script_communicator_message_client_row_matched_pending_trigger_targeting_ui_smoke,Source/NexusForever.Script.Main;Source/NexusForever.Script.Instance;Tools/DataMapping/output/client_source_communicatormessages_map.csv;wildstar_client_mysql/CommunicatorMessages.tbl.sql;Source/NexusForever.Game/Quest,pending,not_retail_complete,"Scripted communicator message evidence is tracked, but retail completion needs exact trigger timing, recipient/faction targeting, chained message behavior, UI presentation, and content smoke."
script_communicator_message,script_instance,Source\NexusForever.Script.Instance\Dungeon\Skullcano\SkullcanoEventScript.cs,119,148,,CommunicatorMessage.ArtemisZin5,2520,client_row_matched,"Plot twist! They're not just space pirates - the Redmoon have taken slaves. You know, freeing those people would be a great PR move.",0,0,25781,,,,,,NexusForever.Script.Instance.Dungeon.Skullcano,script_communicator_message_client_row_matched_pending_trigger_targeting_ui_smoke,Source/NexusForever.Script.Main;Source/NexusForever.Script.Instance;Tools/DataMapping/output/client_source_communicatormessages_map.csv;wildstar_client_mysql/CommunicatorMessages.tbl.sql;Source/NexusForever.Game/Quest,pending,not_retail_complete,"Scripted communicator message evidence is tracked, but retail completion needs exact trigger timing, recipient/faction targeting, chained message behavior, UI presentation, and content smoke."
script_communicator_message,script_instance,Source\NexusForever.Script.Instance\Dungeon\Skullcano\SkullcanoEventScript.cs,119,148,,CommunicatorMessage.DorianWalker5,2521,client_row_matched,"Why, them no-good, half-wit sons-a-Daguns! The Redmoon are keepin' slaves! Was good of you to let 'em go, slick. No one deserves that!",0,0,25779,,,,,,NexusForever.Script.Instance.Dungeon.Skullcano,script_communicator_message_client_row_matched_pending_trigger_targeting_ui_smoke,Source/NexusForever.Script.Main;Source/NexusForever.Script.Instance;Tools/DataMapping/output/client_source_communicatormessages_map.csv;wildstar_client_mysql/CommunicatorMessages.tbl.sql;Source/NexusForever.Game/Quest,pending,not_retail_complete,"Scripted communicator message evidence is tracked, but retail completion needs exact trigger timing, recipient/faction targeting, chained message behavior, UI presentation, and content smoke."
script_communicator_message,script_instance,Source\NexusForever.Script.Instance\Dungeon\Skullcano\SkullcanoEventScript.cs,135,148,,CommunicatorMessage.ArtemisZin9,2529,client_row_matched,News flash! The Redmoon's cluster missiles are exposed! Hack the launch panels. We'll give our audience some fireworks.,0,0,25781,,,,,,NexusForever.Script.Instance.Dungeon.Skullcano,script_communicator_message_client_row_matched_pending_trigger_targeting_ui_smoke,Source/NexusForever.Script.Main;Source/NexusForever.Script.Instance;Tools/DataMapping/output/client_source_communicatormessages_map.csv;wildstar_client_mysql/CommunicatorMessages.tbl.sql;Source/NexusForever.Game/Quest,pending,not_retail_complete,"Scripted communicator message evidence is tracked, but retail completion needs exact trigger timing, recipient/faction targeting, chained message behavior, UI presentation, and content smoke."
script_communicator_message,script_instance,Source\NexusForever.Script.Instance\Dungeon\Skullcano\SkullcanoEventScript.cs,135,148,,CommunicatorMessage.DorianWalker9,2530,client_row_matched,I've got a job for you! Hack the Redmoon's missile launch panels and send some o' them cluster missiles down on 'em! Give 'em what for!,0,0,25779,,,,,,NexusForever.Script.Instance.Dungeon.Skullcano,script_communicator_message_client_row_matched_pending_trigger_targeting_ui_smoke,Source/NexusForever.Script.Main;Source/NexusForever.Script.Instance;Tools/DataMapping/output/client_source_communicatormessages_map.csv;wildstar_client_mysql/CommunicatorMessages.tbl.sql;Source/NexusForever.Game/Quest,pending,not_retail_complete,"Scripted communicator message evidence is tracked, but retail completion needs exact trigger timing, recipient/faction targeting, chained message behavior, UI presentation, and content smoke."
script_communicator_message,script_instance,Source\NexusForever.Script.Instance\EventInstance\ShadesEve\ShadesEveMainEventScript.cs,81,597,,CommunicatorMessage.TheAngel5,7153,client_row_matched,You made it! There's someone close by who can lead you onward. But be careful; you won't find many... friendly people here.,0,4382,65933,,,,,,NexusForever.Script.Instance.EventInstances.ShadesEve,script_communicator_message_client_row_matched_pending_trigger_targeting_ui_smoke,Source/NexusForever.Script.Main;Source/NexusForever.Script.Instance;Tools/DataMapping/output/client_source_communicatormessages_map.csv;wildstar_client_mysql/CommunicatorMessages.tbl.sql;Source/NexusForever.Game/Quest,pending,not_retail_complete,"Scripted communicator message evidence is tracked, but retail completion needs exact trigger timing, recipient/faction targeting, chained message behavior, UI presentation, and content smoke."
script_communicator_message,script_instance,Source\NexusForever.Script.Instance\EventInstance\ShadesEve\ShadesEveMainEventScript.cs,127,597,,CommunicatorMessage.TheAngel1,7152,client_row_matched,I can't take you any further... but a village lies just beyond the woods. I can sense a new evil... something horrible. You must make your way there.,0,4382,65933,,,,,,NexusForever.Script.Instance.EventInstances.ShadesEve,script_communicator_message_client_row_matched_pending_trigger_targeting_ui_smoke,Source/NexusForever.Script.Main;Source/NexusForever.Script.Instance;Tools/DataMapping/output/client_source_communicatormessages_map.csv;wildstar_client_mysql/CommunicatorMessages.tbl.sql;Source/NexusForever.Game/Quest,pending,not_retail_complete,"Scripted communicator message evidence is tracked, but retail completion needs exact trigger timing, recipient/faction targeting, chained message behavior, UI presentation, and content smoke."
script_communicator_message,script_instance,Source\NexusForever.Script.Instance\Expedition\EvilFromTheEther\EvilFromTheEtherEventScript.cs,333,781,,CommunicatorMessage.CaptainWeir2,7747,client_row_matched,"Great Navigator! Look at all those dead Mordesh! Whatever happened, it must've been pretty horrible. See what you can find out... you know, carefully.",0,4816,70999,,,,,,NexusForever.Script.Instance.Expedition.EvilFromTheEther,script_communicator_message_client_row_matched_pending_trigger_targeting_ui_smoke,Source/NexusForever.Script.Main;Source/NexusForever.Script.Instance;Tools/DataMapping/output/client_source_communicatormessages_map.csv;wildstar_client_mysql/CommunicatorMessages.tbl.sql;Source/NexusForever.Game/Quest,pending,not_retail_complete,"Scripted communicator message evidence is tracked, but retail completion needs exact trigger timing, recipient/faction targeting, chained message behavior, UI presentation, and content smoke."
script_communicator_message,script_instance,Source\NexusForever.Script.Instance\Expedition\EvilFromTheEther\EvilFromTheEtherEventScript.cs,343,781,,CommunicatorMessage.CaptainWeir3,7748,client_row_matched,Shipwrecks! That door panel's shot! Look around for some spare parts so you can jury-rig it.,0,4816,70999,,,,,,NexusForever.Script.Instance.Expedition.EvilFromTheEther,script_communicator_message_client_row_matched_pending_trigger_targeting_ui_smoke,Source/NexusForever.Script.Main;Source/NexusForever.Script.Instance;Tools/DataMapping/output/client_source_communicatormessages_map.csv;wildstar_client_mysql/CommunicatorMessages.tbl.sql;Source/NexusForever.Game/Quest,pending,not_retail_complete,"Scripted communicator message evidence is tracked, but retail completion needs exact trigger timing, recipient/faction targeting, chained message behavior, UI presentation, and content smoke."
script_communicator_message,script_instance,Source\NexusForever.Script.Instance\Expedition\EvilFromTheEther\EvilFromTheEtherEventScript.cs,356,781,,CommunicatorMessage.CaptainWeir5,8076,client_row_matched,Those spare parts you collected should do the trick. With a little elbow grease you'll be able to rig that door panel in no time. Give it a shot.,0,4816,70999,,,,,,NexusForever.Script.Instance.Expedition.EvilFromTheEther,script_communicator_message_client_row_matched_pending_trigger_targeting_ui_smoke,Source/NexusForever.Script.Main;Source/NexusForever.Script.Instance;Tools/DataMapping/output/client_source_communicatormessages_map.csv;wildstar_client_mysql/CommunicatorMessages.tbl.sql;Source/NexusForever.Game/Quest,pending,not_retail_complete,"Scripted communicator message evidence is tracked, but retail completion needs exact trigger timing, recipient/faction targeting, chained message behavior, UI presentation, and content smoke."
script_communicator_message,script_instance,Source\NexusForever.Script.Instance\Expedition\EvilFromTheEther\EvilFromTheEtherEventScript.cs,382,781,,CommunicatorMessage.CaptainWeir8,7781,client_row_matched,Phew! Sounded like that Ravenous fella didn't go down easy! At least the way's clear. Engineering should be round there somewhere.,0,4816,70999,,,,,,NexusForever.Script.Instance.Expedition.EvilFromTheEther,script_communicator_message_client_row_matched_pending_trigger_targeting_ui_smoke,Source/NexusForever.Script.Main;Source/NexusForever.Script.Instance;Tools/DataMapping/output/client_source_communicatormessages_map.csv;wildstar_client_mysql/CommunicatorMessages.tbl.sql;Source/NexusForever.Game/Quest,pending,not_retail_complete,"Scripted communicator message evidence is tracked, but retail completion needs exact trigger timing, recipient/faction targeting, chained message behavior, UI presentation, and content smoke."
script_communicator_message,script_instance,Source\NexusForever.Script.Instance\Expedition\EvilFromTheEther\EvilFromTheEtherEventScript.cs,391,781,,CommunicatorMessage.InsaneCrewChief,7771,client_row_matched,"We have trespassers in the primary power plant, likely more of Zarkhov's minions. Kill them before they activate the generators!",0,4816,71472,,,,,,NexusForever.Script.Instance.Expedition.EvilFromTheEther,script_communicator_message_client_row_matched_pending_trigger_targeting_ui_smoke,Source/NexusForever.Script.Main;Source/NexusForever.Script.Instance;Tools/DataMapping/output/client_source_communicatormessages_map.csv;wildstar_client_mysql/CommunicatorMessages.tbl.sql;Source/NexusForever.Game/Quest,pending,not_retail_complete,"Scripted communicator message evidence is tracked, but retail completion needs exact trigger timing, recipient/faction targeting, chained message behavior, UI presentation, and content smoke."
script_communicator_message,script_instance,Source\NexusForever.Script.Instance\Expedition\EvilFromTheEther\EvilFromTheEtherEventScript.cs,392,781,,CommunicatorMessage.CaptainWeir10,7772,client_row_matched,Sounds to me like these Mordesh have a bad case of cabin fever. Defend yourself and get the main generators rolling!,0,4816,70999,,,,,,NexusForever.Script.Instance.Expedition.EvilFromTheEther,script_communicator_message_client_row_matched_pending_trigger_targeting_ui_smoke,Source/NexusForever.Script.Main;Source/NexusForever.Script.Instance;Tools/DataMapping/output/client_source_communicatormessages_map.csv;wildstar_client_mysql/CommunicatorMessages.tbl.sql;Source/NexusForever.Game/Quest,pending,not_retail_complete,"Scripted communicator message evidence is tracked, but retail completion needs exact trigger timing, recipient/faction targeting, chained message behavior, UI presentation, and content smoke."
script_communicator_message,script_instance,Source\NexusForever.Script.Instance\Expedition\EvilFromTheEther\EvilFromTheEtherEventScript.cs,398,781,,CommunicatorMessage.CaptainWeir11,7773,client_row_matched,"With the ship's generators online, the main drive system's charging up. Gosh, that's where the strange energy readings are coming from!",0,4816,70999,,,,,,NexusForever.Script.Instance.Expedition.EvilFromTheEther,script_communicator_message_client_row_matched_pending_trigger_targeting_ui_smoke,Source/NexusForever.Script.Main;Source/NexusForever.Script.Instance;Tools/DataMapping/output/client_source_communicatormessages_map.csv;wildstar_client_mysql/CommunicatorMessages.tbl.sql;Source/NexusForever.Game/Quest,pending,not_retail_complete,"Scripted communicator message evidence is tracked, but retail completion needs exact trigger timing, recipient/faction targeting, chained message behavior, UI presentation, and content smoke."
script_communicator_message,script_instance,Source\NexusForever.Script.Instance\Expedition\EvilFromTheEther\EvilFromTheEtherEventScript.cs,412,781,,CommunicatorMessage.CaptainWeir13,7835,client_row_matched,"You'll need to find the bridge teleporter and start it up again. Controls should be in a room nearby, I reckon.",0,4816,70999,,,,,,NexusForever.Script.Instance.Expedition.EvilFromTheEther,script_communicator_message_client_row_matched_pending_trigger_targeting_ui_smoke,Source/NexusForever.Script.Main;Source/NexusForever.Script.Instance;Tools/DataMapping/output/client_source_communicatormessages_map.csv;wildstar_client_mysql/CommunicatorMessages.tbl.sql;Source/NexusForever.Game/Quest,pending,not_retail_complete,"Scripted communicator message evidence is tracked, but retail completion needs exact trigger timing, recipient/faction targeting, chained message behavior, UI presentation, and content smoke."
script_communicator_message,script_instance,Source\NexusForever.Script.Instance\Expedition\EvilFromTheEther\EvilFromTheEtherEventScript.cs,423,781,,CommunicatorMessage.CaptainWeir14,7836,client_row_matched,That oughtta do it! Should be a teleporter down the hall. It'll take you straight to the bridge.,0,4816,70999,,,,,,NexusForever.Script.Instance.Expedition.EvilFromTheEther,script_communicator_message_client_row_matched_pending_trigger_targeting_ui_smoke,Source/NexusForever.Script.Main;Source/NexusForever.Script.Instance;Tools/DataMapping/output/client_source_communicatormessages_map.csv;wildstar_client_mysql/CommunicatorMessages.tbl.sql;Source/NexusForever.Game/Quest,pending,not_retail_complete,"Scripted communicator message evidence is tracked, but retail completion needs exact trigger timing, recipient/faction targeting, chained message behavior, UI presentation, and content smoke."
script_communicator_message,script_instance,Source\NexusForever.Script.Instance\Expedition\EvilFromTheEther\EvilFromTheEtherEventScript.cs,450,781,,CommunicatorMessage.CaptainWeir15,7775,client_row_matched,Got more scan data for you. It's as if the cruiser is in two dimensions at once. Maybe that's where those critters are coming from...,0,4816,70999,,,,,,NexusForever.Script.Instance.Expedition.EvilFromTheEther,script_communicator_message_client_row_matched_pending_trigger_targeting_ui_smoke,Source/NexusForever.Script.Main;Source/NexusForever.Script.Instance;Tools/DataMapping/output/client_source_communicatormessages_map.csv;wildstar_client_mysql/CommunicatorMessages.tbl.sql;Source/NexusForever.Game/Quest,pending,not_retail_complete,"Scripted communicator message evidence is tracked, but retail completion needs exact trigger timing, recipient/faction targeting, chained message behavior, UI presentation, and content smoke."
script_communicator_message,script_instance,Source\NexusForever.Script.Instance\Expedition\EvilFromTheEther\EvilFromTheEtherEventScript.cs,465,781,,CommunicatorMessage.KatjaZarkov2,7831,client_row_matched,"My astral drive has taken us through the Etheric Plane on a timeless voyage. My mind, once fettered and feeble, has been freed from the chains of sanity!",0,4816,71037,,,,,,NexusForever.Script.Instance.Expedition.EvilFromTheEther,script_communicator_message_client_row_matched_pending_trigger_targeting_ui_smoke,Source/NexusForever.Script.Main;Source/NexusForever.Script.Instance;Tools/DataMapping/output/client_source_communicatormessages_map.csv;wildstar_client_mysql/CommunicatorMessages.tbl.sql;Source/NexusForever.Game/Quest,pending,not_retail_complete,"Scripted communicator message evidence is tracked, but retail completion needs exact trigger timing, recipient/faction targeting, chained message behavior, UI presentation, and content smoke."
script_communicator_message,script_instance,Source\NexusForever.Script.Instance\Expedition\EvilFromTheEther\EvilFromTheEtherEventScript.cs,466,781,,CommunicatorMessage.CaptainWeir16,8079,client_row_matched,That's it! It's an astral drive! Just think... something like that would be worth a fortune!,0,4816,70999,,,,,,NexusForever.Script.Instance.Expedition.EvilFromTheEther,script_communicator_message_client_row_matched_pending_trigger_targeting_ui_smoke,Source/NexusForever.Script.Main;Source/NexusForever.Script.Instance;Tools/DataMapping/output/client_source_communicatormessages_map.csv;wildstar_client_mysql/CommunicatorMessages.tbl.sql;Source/NexusForever.Game/Quest,pending,not_retail_complete,"Scripted communicator message evidence is tracked, but retail completion needs exact trigger timing, recipient/faction targeting, chained message behavior, UI presentation, and content smoke."
script_communicator_message,script_instance,Source\NexusForever.Script.Instance\Expedition\EvilFromTheEther\EvilFromTheEtherEventScript.cs,496,781,,CommunicatorMessage.KatjaZarkov3,7832,client_row_matched,The ether gate is open! I alone have the will to witness what walks towards us from the astral plane. This world shall bend beneath the weight of the Other!,0,4816,71037,,,,,,NexusForever.Script.Instance.Expedition.EvilFromTheEther,script_communicator_message_client_row_matched_pending_trigger_targeting_ui_smoke,Source/NexusForever.Script.Main;Source/NexusForever.Script.Instance;Tools/DataMapping/output/client_source_communicatormessages_map.csv;wildstar_client_mysql/CommunicatorMessages.tbl.sql;Source/NexusForever.Game/Quest,pending,not_retail_complete,"Scripted communicator message evidence is tracked, but retail completion needs exact trigger timing, recipient/faction targeting, chained message behavior, UI presentation, and content smoke."
script_communicator_message,script_instance,Source\NexusForever.Script.Instance\Expedition\EvilFromTheEther\EvilFromTheEtherEventScript.cs,502,781,,CommunicatorMessage.KatjaZarkov4,7833,client_row_matched,Too late! The Other is coming! Soon everyone shall be awakened! Soon everyone shall understand!,0,4816,71037,,,,,,NexusForever.Script.Instance.Expedition.EvilFromTheEther,script_communicator_message_client_row_matched_pending_trigger_targeting_ui_smoke,Source/NexusForever.Script.Main;Source/NexusForever.Script.Instance;Tools/DataMapping/output/client_source_communicatormessages_map.csv;wildstar_client_mysql/CommunicatorMessages.tbl.sql;Source/NexusForever.Game/Quest,pending,not_retail_complete,"Scripted communicator message evidence is tracked, but retail completion needs exact trigger timing, recipient/faction targeting, chained message behavior, UI presentation, and content smoke."
script_communicator_message,script_instance,Source\NexusForever.Script.Instance\Expedition\EvilFromTheEther\EvilFromTheEtherEventScript.cs,503,781,,CommunicatorMessage.CaptainWeir17,7777,client_row_matched,Blessed Navigator! A portal has opened up outside the ship and something's coming through! You've got to destroy that ship or we're all goners!,0,4816,70999,,,,,,NexusForever.Script.Instance.Expedition.EvilFromTheEther,script_communicator_message_client_row_matched_pending_trigger_targeting_ui_smoke,Source/NexusForever.Script.Main;Source/NexusForever.Script.Instance;Tools/DataMapping/output/client_source_communicatormessages_map.csv;wildstar_client_mysql/CommunicatorMessages.tbl.sql;Source/NexusForever.Game/Quest,pending,not_retail_complete,"Scripted communicator message evidence is tracked, but retail completion needs exact trigger timing, recipient/faction targeting, chained message behavior, UI presentation, and content smoke."
script_communicator_message,script_instance,Source\NexusForever.Script.Instance\Expedition\EvilFromTheEther\EvilFromTheEtherEventScript.cs,514,781,,CommunicatorMessage.KatjaZarkov5,7834,client_row_matched,No! You have no idea what you have done! The gate must remain open! The Other cannot be stopped!,0,4816,71037,,,,,,NexusForever.Script.Instance.Expedition.EvilFromTheEther,script_communicator_message_client_row_matched_pending_trigger_targeting_ui_smoke,Source/NexusForever.Script.Main;Source/NexusForever.Script.Instance;Tools/DataMapping/output/client_source_communicatormessages_map.csv;wildstar_client_mysql/CommunicatorMessages.tbl.sql;Source/NexusForever.Game/Quest,pending,not_retail_complete,"Scripted communicator message evidence is tracked, but retail completion needs exact trigger timing, recipient/faction targeting, chained message behavior, UI presentation, and content smoke."
script_communicator_message,script_instance,Source\NexusForever.Script.Instance\Expedition\EvilFromTheEther\EvilFromTheEtherEventScript.cs,536,781,,CommunicatorMessage.CaptainWeir18,7778,client_row_matched,"The self-destruct's activated! Get to the teleporter as quick as you can and I'll divert it to the Skyrunner. Now move, before the ship blows!",0,4816,70999,,,,,,NexusForever.Script.Instance.Expedition.EvilFromTheEther,script_communicator_message_client_row_matched_pending_trigger_targeting_ui_smoke,Source/NexusForever.Script.Main;Source/NexusForever.Script.Instance;Tools/DataMapping/output/client_source_communicatormessages_map.csv;wildstar_client_mysql/CommunicatorMessages.tbl.sql;Source/NexusForever.Game/Quest,pending,not_retail_complete,"Scripted communicator message evidence is tracked, but retail completion needs exact trigger timing, recipient/faction targeting, chained message behavior, UI presentation, and content smoke."
script_communicator_message,script_instance,Source\NexusForever.Script.Instance\Expedition\EvilFromTheEther\EvilFromTheEtherEventScript.cs,773,781,,CommunicatorMessage.CaptainWeir1,7745,client_row_matched,"We've just docked with the ship. It's a Mordesh cruiser, don't you know? No idea how it got past the Dominion blockade around Grismara.",0,4816,70999,,,,,,NexusForever.Script.Instance.Expedition.EvilFromTheEther,script_communicator_message_client_row_matched_pending_trigger_targeting_ui_smoke,Source/NexusForever.Script.Main;Source/NexusForever.Script.Instance;Tools/DataMapping/output/client_source_communicatormessages_map.csv;wildstar_client_mysql/CommunicatorMessages.tbl.sql;Source/NexusForever.Game/Quest,pending,not_retail_complete,"Scripted communicator message evidence is tracked, but retail completion needs exact trigger timing, recipient/faction targeting, chained message behavior, UI presentation, and content smoke."
script_communicator_message,script_instance,Source\NexusForever.Script.Instance\Expedition\EvilFromTheEther\EvilFromTheEtherEventScript.cs,776,781,,CommunicatorMessage.CaptainWeir4,7749,client_row_matched,"Shifted cargo! Some of those Mordesh aren't dead... they're Ravenous! Those things are dangerous, so keep your guard up!",0,4816,70999,,,,,,NexusForever.Script.Instance.Expedition.EvilFromTheEther,script_communicator_message_client_row_matched_pending_trigger_targeting_ui_smoke,Source/NexusForever.Script.Main;Source/NexusForever.Script.Instance;Tools/DataMapping/output/client_source_communicatormessages_map.csv;wildstar_client_mysql/CommunicatorMessages.tbl.sql;Source/NexusForever.Game/Quest,pending,not_retail_complete,"Scripted communicator message evidence is tracked, but retail completion needs exact trigger timing, recipient/faction targeting, chained message behavior, UI presentation, and content smoke."
script_communicator_message,script_instance,Source\NexusForever.Script.Instance\Expedition\EvilFromTheEther\EvilFromTheEtherEventScript.cs,779,781,,CommunicatorMessage.CaptainWeir12,7774,client_row_matched,Do you see that... thing? Scans show it has an energy signature identical to that of the ship's drive system!,0,4816,70999,,,,,,NexusForever.Script.Instance.Expedition.EvilFromTheEther,script_communicator_message_client_row_matched_pending_trigger_targeting_ui_smoke,Source/NexusForever.Script.Main;Source/NexusForever.Script.Instance;Tools/DataMapping/output/client_source_communicatormessages_map.csv;wildstar_client_mysql/CommunicatorMessages.tbl.sql;Source/NexusForever.Game/Quest,pending,not_retail_complete,"Scripted communicator message evidence is tracked, but retail completion needs exact trigger timing, recipient/faction targeting, chained message behavior, UI presentation, and content smoke."
script_communicator_message,script_instance,Source\NexusForever.Script.Instance\Expedition\EvilFromTheEther\Script\CrewLogEntityScript.cs,64,,,CommunicatorMessage.CrewLog1,7762,client_row_matched,"Patient after patient comes seeking succor. No Vitalus remains. I can but ease their passing, lest they lose what remains of their minds to the Contagion.",0,4816,71808,,,,,,NexusForever.Script.Instance.Expedition.EvilFromTheEther,script_communicator_message_client_row_matched_pending_trigger_targeting_ui_smoke,Source/NexusForever.Script.Main;Source/NexusForever.Script.Instance;Tools/DataMapping/output/client_source_communicatormessages_map.csv;wildstar_client_mysql/CommunicatorMessages.tbl.sql;Source/NexusForever.Game/Quest,pending,not_retail_complete,"Scripted communicator message evidence is tracked, but retail completion needs exact trigger timing, recipient/faction targeting, chained message behavior, UI presentation, and content smoke."
script_communicator_message,script_instance,Source\NexusForever.Script.Instance\Expedition\EvilFromTheEther\Script\CrewLogEntityScript.cs,65,,,CommunicatorMessage.CrewLog2,7763,client_row_matched,This is a waking nightmare. We are endlessly entombed in the Ether. I must reroute reserve generators to the medbay so Kholikov can continue his therapeutic work.,0,4816,71809,,,,,,NexusForever.Script.Instance.Expedition.EvilFromTheEther,script_communicator_message_client_row_matched_pending_trigger_targeting_ui_smoke,Source/NexusForever.Script.Main;Source/NexusForever.Script.Instance;Tools/DataMapping/output/client_source_communicatormessages_map.csv;wildstar_client_mysql/CommunicatorMessages.tbl.sql;Source/NexusForever.Game/Quest,pending,not_retail_complete,"Scripted communicator message evidence is tracked, but retail completion needs exact trigger timing, recipient/faction targeting, chained message behavior, UI presentation, and content smoke."
script_communicator_message,script_instance,Source\NexusForever.Script.Instance\Expedition\EvilFromTheEther\Script\CrewLogEntityScript.cs,66,,,CommunicatorMessage.CrewLog3,8075,client_row_matched,"The Contagion has claimed Kristof. We have locked him away, raging and Ravenous, for the Reapers to deal with. I have not the heart to kill him myself.",0,4816,71808,,,,,,NexusForever.Script.Instance.Expedition.EvilFromTheEther,script_communicator_message_client_row_matched_pending_trigger_targeting_ui_smoke,Source/NexusForever.Script.Main;Source/NexusForever.Script.Instance;Tools/DataMapping/output/client_source_communicatormessages_map.csv;wildstar_client_mysql/CommunicatorMessages.tbl.sql;Source/NexusForever.Game/Quest,pending,not_retail_complete,"Scripted communicator message evidence is tracked, but retail completion needs exact trigger timing, recipient/faction targeting, chained message behavior, UI presentation, and content smoke."
script_communicator_message,script_instance,Source\NexusForever.Script.Instance\Expedition\EvilFromTheEther\Script\CrewLogEntityScript.cs,67,,,CommunicatorMessage.CrewLog4,7764,client_row_matched,"Zarkhov has rationed the remaining Vitalus. The cargo bay, once flush with this fundamental fluid, is now bare. The doors have been sealed, as has our fate.",0,4816,71810,,,,,,NexusForever.Script.Instance.Expedition.EvilFromTheEther,script_communicator_message_client_row_matched_pending_trigger_targeting_ui_smoke,Source/NexusForever.Script.Main;Source/NexusForever.Script.Instance;Tools/DataMapping/output/client_source_communicatormessages_map.csv;wildstar_client_mysql/CommunicatorMessages.tbl.sql;Source/NexusForever.Game/Quest,pending,not_retail_complete,"Scripted communicator message evidence is tracked, but retail completion needs exact trigger timing, recipient/faction targeting, chained message behavior, UI presentation, and content smoke."
script_communicator_message,script_instance,Source\NexusForever.Script.Instance\Expedition\EvilFromTheEther\Script\CrewLogEntityScript.cs,68,,,CommunicatorMessage.CrewLog5,7765,client_row_matched,"Zarkhov desires to unleash ""the Other,"" as she calls it, upon our universe. To prevent this, we have cut all power to the astral drive. She will not be happy.",0,4816,71811,,,,,,NexusForever.Script.Instance.Expedition.EvilFromTheEther,script_communicator_message_client_row_matched_pending_trigger_targeting_ui_smoke,Source/NexusForever.Script.Main;Source/NexusForever.Script.Instance;Tools/DataMapping/output/client_source_communicatormessages_map.csv;wildstar_client_mysql/CommunicatorMessages.tbl.sql;Source/NexusForever.Game/Quest,pending,not_retail_complete,"Scripted communicator message evidence is tracked, but retail completion needs exact trigger timing, recipient/faction targeting, chained message behavior, UI presentation, and content smoke."
script_communicator_message,script_instance,Source\NexusForever.Script.Instance\Expedition\EvilFromTheEther\Script\CrewLogEntityScript.cs,69,,,CommunicatorMessage.CrewLog6,7766,client_row_matched,"The fabric of reality has frayed. I witness things that cannot be. Is my sanity fraying, too? No place aboard this ship is safe while the Ether surrounds it.",0,4816,71812,,,,,,NexusForever.Script.Instance.Expedition.EvilFromTheEther,script_communicator_message_client_row_matched_pending_trigger_targeting_ui_smoke,Source/NexusForever.Script.Main;Source/NexusForever.Script.Instance;Tools/DataMapping/output/client_source_communicatormessages_map.csv;wildstar_client_mysql/CommunicatorMessages.tbl.sql;Source/NexusForever.Game/Quest,pending,not_retail_complete,"Scripted communicator message evidence is tracked, but retail completion needs exact trigger timing, recipient/faction targeting, chained message behavior, UI presentation, and content smoke."
script_communicator_message,script_instance,Source\NexusForever.Script.Instance\Expedition\EvilFromTheEther\Script\CrewLogEntityScript.cs,70,,,CommunicatorMessage.CrewLog7,7767,client_row_matched,"The etheric creatures cluster around the astral drive and seek out footholds in other parts of the ship. Provided the power outage persists, we should be safe.",0,4816,71813,,,,,,NexusForever.Script.Instance.Expedition.EvilFromTheEther,script_communicator_message_client_row_matched_pending_trigger_targeting_ui_smoke,Source/NexusForever.Script.Main;Source/NexusForever.Script.Instance;Tools/DataMapping/output/client_source_communicatormessages_map.csv;wildstar_client_mysql/CommunicatorMessages.tbl.sql;Source/NexusForever.Game/Quest,pending,not_retail_complete,"Scripted communicator message evidence is tracked, but retail completion needs exact trigger timing, recipient/faction targeting, chained message behavior, UI presentation, and content smoke."
script_communicator_message,script_instance,Source\NexusForever.Script.Instance\Expedition\EvilFromTheEther\Script\PrimaryPowerPlantHallwayDoorEntityScript.cs,34,,,CommunicatorMessage.CaptainWeir9,7751,client_row_matched,That security grid's still active. See it? I'll bet my tail tip someone's using it to keep those Ravenous Mordesh in here. Think you can get past it?,0,4816,70999,,,,,,NexusForever.Script.Instance.Expedition.EvilFromTheEther,script_communicator_message_client_row_matched_pending_trigger_targeting_ui_smoke,Source/NexusForever.Script.Main;Source/NexusForever.Script.Instance;Tools/DataMapping/output/client_source_communicatormessages_map.csv;wildstar_client_mysql/CommunicatorMessages.tbl.sql;Source/NexusForever.Game/Quest,pending,not_retail_complete,"Scripted communicator message evidence is tracked, but retail completion needs exact trigger timing, recipient/faction targeting, chained message behavior, UI presentation, and content smoke."
script_communicator_message,script_instance,Source\NexusForever.Script.Instance\Expedition\EvilFromTheEther\Script\RavenousReaperEntityScript.cs,111,,,CommunicatorMessage.CaptainWeir6,7768,client_row_matched,A lot of the ship's systems are offline. The medbay's emergency generator should be nearby. Get it running so you've got power to work with.,0,4816,70999,,,,,,NexusForever.Script.Instance.Expedition.EvilFromTheEther,script_communicator_message_client_row_matched_pending_trigger_targeting_ui_smoke,Source/NexusForever.Script.Main;Source/NexusForever.Script.Instance;Tools/DataMapping/output/client_source_communicatormessages_map.csv;wildstar_client_mysql/CommunicatorMessages.tbl.sql;Source/NexusForever.Game/Quest,pending,not_retail_complete,"Scripted communicator message evidence is tracked, but retail completion needs exact trigger timing, recipient/faction targeting, chained message behavior, UI presentation, and content smoke."
script_communicator_message,script_instance,Source\NexusForever.Script.Instance\Expedition\FragmentZero\FragmentZeroEventScript.cs,101,680,,CommunicatorMessage.SupervisorLola,7492,client_row_matched,Follow him! He may know where my crew is!,0,0,68637,,,,,,NexusForever.Script.Instance.Expedition.FragmentZero,script_communicator_message_client_row_matched_pending_trigger_targeting_ui_smoke,Source/NexusForever.Script.Main;Source/NexusForever.Script.Instance;Tools/DataMapping/output/client_source_communicatormessages_map.csv;wildstar_client_mysql/CommunicatorMessages.tbl.sql;Source/NexusForever.Game/Quest,pending,not_retail_complete,"Scripted communicator message evidence is tracked, but retail completion needs exact trigger timing, recipient/faction targeting, chained message behavior, UI presentation, and content smoke."
script_communicator_message,script_instance,Source\NexusForever.Script.Instance\Expedition\FragmentZero\FragmentZeroEventScript.cs,109,680,,CommunicatorMessage.SupervisorLolax,7493,client_row_matched,"Well, that nasty critter sure made his point. I hope my Hugo and his crew are free from harm.",0,0,68637,,,,,,NexusForever.Script.Instance.Expedition.FragmentZero,script_communicator_message_client_row_matched_pending_trigger_targeting_ui_smoke,Source/NexusForever.Script.Main;Source/NexusForever.Script.Instance;Tools/DataMapping/output/client_source_communicatormessages_map.csv;wildstar_client_mysql/CommunicatorMessages.tbl.sql;Source/NexusForever.Game/Quest,pending,not_retail_complete,"Scripted communicator message evidence is tracked, but retail completion needs exact trigger timing, recipient/faction targeting, chained message behavior, UI presentation, and content smoke."
script_communicator_message,script_instance,Source\NexusForever.Script.Instance\Expedition\FragmentZero\FragmentZeroEventScript.cs,392,680,,CommunicatorMessage.CaptainHugo1,7494,client_row_matched,Hey there! My crew and I are in some rough waters here. We got split up and I fear the worst. Could you help us?,0,0,67961,,,,,,NexusForever.Script.Instance.Expedition.FragmentZero,script_communicator_message_client_row_matched_pending_trigger_targeting_ui_smoke,Source/NexusForever.Script.Main;Source/NexusForever.Script.Instance;Tools/DataMapping/output/client_source_communicatormessages_map.csv;wildstar_client_mysql/CommunicatorMessages.tbl.sql;Source/NexusForever.Game/Quest,pending,not_retail_complete,"Scripted communicator message evidence is tracked, but retail completion needs exact trigger timing, recipient/faction targeting, chained message behavior, UI presentation, and content smoke."
script_communicator_message,script_instance,Source\NexusForever.Script.Instance\Raid\Datascape\DatascapeEventScript.cs,227,157,,CommunicatorMessage.Caretaker111,6704,client_row_matched,"Well done, sapients. The daemons are slain, and you now have access to the Oculus.",0,1301,58330,,,,,,NexusForever.Script.Instance.Raid.Datascape,script_communicator_message_client_row_matched_pending_trigger_targeting_ui_smoke,Source/NexusForever.Script.Main;Source/NexusForever.Script.Instance;Tools/DataMapping/output/client_source_communicatormessages_map.csv;wildstar_client_mysql/CommunicatorMessages.tbl.sql;Source/NexusForever.Game/Quest,pending,not_retail_complete,"Scripted communicator message evidence is tracked, but retail completion needs exact trigger timing, recipient/faction targeting, chained message behavior, UI presentation, and content smoke."
script_communicator_message,script_instance,Source\NexusForever.Script.Instance\Raid\Datascape\DatascapeEventScript.cs,232,157,,CommunicatorMessage.Caretaker112,6794,client_row_matched,Exit verified. Sapient visual gullibility also verified.,0,0,58330,,,,,,NexusForever.Script.Instance.Raid.Datascape,script_communicator_message_client_row_matched_pending_trigger_targeting_ui_smoke,Source/NexusForever.Script.Main;Source/NexusForever.Script.Instance;Tools/DataMapping/output/client_source_communicatormessages_map.csv;wildstar_client_mysql/CommunicatorMessages.tbl.sql;Source/NexusForever.Game/Quest,pending,not_retail_complete,"Scripted communicator message evidence is tracked, but retail completion needs exact trigger timing, recipient/faction targeting, chained message behavior, UI presentation, and content smoke."
script_communicator_message,script_instance,Source\NexusForever.Script.Instance\Raid\Datascape\DatascapeEventScript.cs,247,157,,CommunicatorMessage.Caretaker113,6709,client_row_matched,"What a lummox. Never had a sense of humor, that one.",0,1301,58330,,,,,,NexusForever.Script.Instance.Raid.Datascape,script_communicator_message_client_row_matched_pending_trigger_targeting_ui_smoke,Source/NexusForever.Script.Main;Source/NexusForever.Script.Instance;Tools/DataMapping/output/client_source_communicatormessages_map.csv;wildstar_client_mysql/CommunicatorMessages.tbl.sql;Source/NexusForever.Game/Quest,pending,not_retail_complete,"Scripted communicator message evidence is tracked, but retail completion needs exact trigger timing, recipient/faction targeting, chained message behavior, UI presentation, and content smoke."
script_communicator_message,script_instance,Source\NexusForever.Script.Instance\Raid\Datascape\DatascapeEventScript.cs,311,157,,CommunicatorMessage.Caretaker114,6817,client_row_matched,Ah! There's the exit. One of my memory shards is located in the chamber beyond.,0,1301,58330,,,,,,NexusForever.Script.Instance.Raid.Datascape,script_communicator_message_client_row_matched_pending_trigger_targeting_ui_smoke,Source/NexusForever.Script.Main;Source/NexusForever.Script.Instance;Tools/DataMapping/output/client_source_communicatormessages_map.csv;wildstar_client_mysql/CommunicatorMessages.tbl.sql;Source/NexusForever.Game/Quest,pending,not_retail_complete,"Scripted communicator message evidence is tracked, but retail completion needs exact trigger timing, recipient/faction targeting, chained message behavior, UI presentation, and content smoke."
script_communicator_message,script_instance,Source\NexusForever.Script.Instance\Raid\GeneticArchives\GeneticArchivesEventScript.cs,82,159,,CommunicatorMessage.TheDreadphageOhmna1,6855,client_row_matched,"You have awakened the Dreadphage Ohmna, wretched things. Long ago, I toiled within these walls to create the Genesis Prime... But now that the Entity has perfected me, this place serves an even higher purpose. Would you like to see my children? Come, let me show you...",0,1327,49395,,,,,,NexusForever.Script.Instance.Raid.GeneticArchives,script_communicator_message_client_row_matched_pending_trigger_targeting_ui_smoke,Source/NexusForever.Script.Main;Source/NexusForever.Script.Instance;Tools/DataMapping/output/client_source_communicatormessages_map.csv;wildstar_client_mysql/CommunicatorMessages.tbl.sql;Source/NexusForever.Game/Quest,pending,not_retail_complete,"Scripted communicator message evidence is tracked, but retail completion needs exact trigger timing, recipient/faction targeting, chained message behavior, UI presentation, and content smoke."
script_communicator_message,script_instance,Source\NexusForever.Script.Instance\Raid\GeneticArchives\GeneticArchivesEventScript.cs,243,159,,CommunicatorMessage.TheDreadphageOhmna1,6855,client_row_matched,"You have awakened the Dreadphage Ohmna, wretched things. Long ago, I toiled within these walls to create the Genesis Prime... But now that the Entity has perfected me, this place serves an even higher purpose. Would you like to see my children? Come, let me show you...",0,1327,49395,,,,,,NexusForever.Script.Instance.Raid.GeneticArchives,script_communicator_message_client_row_matched_pending_trigger_targeting_ui_smoke,Source/NexusForever.Script.Main;Source/NexusForever.Script.Instance;Tools/DataMapping/output/client_source_communicatormessages_map.csv;wildstar_client_mysql/CommunicatorMessages.tbl.sql;Source/NexusForever.Game/Quest,pending,not_retail_complete,"Scripted communicator message evidence is tracked, but retail completion needs exact trigger timing, recipient/faction targeting, chained message behavior, UI presentation, and content smoke."
script_communicator_message,script_instance,Source\NexusForever.Script.Instance\Raid\GeneticArchives\GeneticArchivesEventScript.cs,246,159,,CommunicatorMessage.TheDreadphageOhmna8,6861,client_row_matched,"Ah! You've finally arrived. We have visitors, my children. I think they have come to play...",0,1327,49395,,,,,,NexusForever.Script.Instance.Raid.GeneticArchives,script_communicator_message_client_row_matched_pending_trigger_targeting_ui_smoke,Source/NexusForever.Script.Main;Source/NexusForever.Script.Instance;Tools/DataMapping/output/client_source_communicatormessages_map.csv;wildstar_client_mysql/CommunicatorMessages.tbl.sql;Source/NexusForever.Game/Quest,pending,not_retail_complete,"Scripted communicator message evidence is tracked, but retail completion needs exact trigger timing, recipient/faction targeting, chained message behavior, UI presentation, and content smoke."
script_communicator_message,script_instance,Source\NexusForever.Script.Instance\Raid\InitializationCoreY83\InitializationCoreY83EventScript.cs,56,595,,CommunicatorMessage.Nurton2,7610,client_row_matched,"The quarantine door is unlocked, friends! Destroy those corrupted constructs, or else every Freebot on Nexus will lose their free will!",0,0,70222,,,,,,NexusForever.Script.Instance.Raid.InitializationCoreY83,script_communicator_message_client_row_matched_pending_trigger_targeting_ui_smoke,Source/NexusForever.Script.Main;Source/NexusForever.Script.Instance;Tools/DataMapping/output/client_source_communicatormessages_map.csv;wildstar_client_mysql/CommunicatorMessages.tbl.sql;Source/NexusForever.Game/Quest,pending,not_retail_complete,"Scripted communicator message evidence is tracked, but retail completion needs exact trigger timing, recipient/faction targeting, chained message behavior, UI presentation, and content smoke."
script_communicator_message,script_instance,Source\NexusForever.Script.Instance\Raid\InitializationCoreY83\InitializationCoreY83EventScript.cs,87,595,,CommunicatorMessage.Nurton3,7611,client_row_matched,"Junctions of justice! You did it! You deactivated the Techno-Phage augmentors and preserved the liberty of botkind, myself included!",0,0,70222,,,,,,NexusForever.Script.Instance.Raid.InitializationCoreY83,script_communicator_message_client_row_matched_pending_trigger_targeting_ui_smoke,Source/NexusForever.Script.Main;Source/NexusForever.Script.Instance;Tools/DataMapping/output/client_source_communicatormessages_map.csv;wildstar_client_mysql/CommunicatorMessages.tbl.sql;Source/NexusForever.Game/Quest,pending,not_retail_complete,"Scripted communicator message evidence is tracked, but retail completion needs exact trigger timing, recipient/faction targeting, chained message behavior, UI presentation, and content smoke."
script_communicator_message,script_instance,Source\NexusForever.Script.Instance\Raid\InitializationCoreY83\Script\CentralAccessCorridorTriggerScript.cs,44,2681,,CommunicatorMessage.Nurton1,7609,client_row_matched,"The quarantine door must be manually overridden by the failsafe switches along the central access corridor. My friends tried to hit the overrides, but their neural cores were corrupted....",0,0,70222,,,,,,NexusForever.Script.Instance.Raid.InitializationCoreY83,script_communicator_message_client_row_matched_pending_trigger_targeting_ui_smoke,Source/NexusForever.Script.Main;Source/NexusForever.Script.Instance;Tools/DataMapping/output/client_source_communicatormessages_map.csv;wildstar_client_mysql/CommunicatorMessages.tbl.sql;Source/NexusForever.Game/Quest,pending,not_retail_complete,"Scripted communicator message evidence is tracked, but retail completion needs exact trigger timing, recipient/faction targeting, chained message behavior, UI presentation, and content smoke."
script_communicator_message,script_instance,Source\NexusForever.Script.Instance\Raid\RedMoonTerror\RedMoonTerrorEventScript.cs,80,705,,CommunicatorMessage.IshamelTheBloodied552,8108,client_row_matched,"If ye've seen one trash compactor, ye've seen 'em all... eh? What in the name of the great space barnacle be THAT contraption?!",0,0,75351,,,,,,NexusForever.Script.Instance.Raid.RedMoonTerror,script_communicator_message_client_row_matched_pending_trigger_targeting_ui_smoke,Source/NexusForever.Script.Main;Source/NexusForever.Script.Instance;Tools/DataMapping/output/client_source_communicatormessages_map.csv;wildstar_client_mysql/CommunicatorMessages.tbl.sql;Source/NexusForever.Game/Quest,pending,not_retail_complete,"Scripted communicator message evidence is tracked, but retail completion needs exact trigger timing, recipient/faction targeting, chained message behavior, UI presentation, and content smoke."
script_communicator_message,script_instance,Source\NexusForever.Script.Instance\Raid\RedMoonTerror\RedMoonTerrorEventScript.cs,85,705,,CommunicatorMessage.IshamelTheBloodied224,8083,client_row_matched,Avast! Ye better find the Terror's engineering core if ye aim t'shove Mordechai off this mortal coil. Again.,0,0,75351,,,,,,NexusForever.Script.Instance.Raid.RedMoonTerror,script_communicator_message_client_row_matched_pending_trigger_targeting_ui_smoke,Source/NexusForever.Script.Main;Source/NexusForever.Script.Instance;Tools/DataMapping/output/client_source_communicatormessages_map.csv;wildstar_client_mysql/CommunicatorMessages.tbl.sql;Source/NexusForever.Game/Quest,pending,not_retail_complete,"Scripted communicator message evidence is tracked, but retail completion needs exact trigger timing, recipient/faction targeting, chained message behavior, UI presentation, and content smoke."
