"finding_id","lane","priority","status","finding_type","scope","source_inventory","source_row_key","related_ids","tracker_paths","evidence_sources","confidence","blocker_summary","next_action","notes"
"2026-06-19-q5597-chua-explosives-indicator-17899-activation-ui-smoke-review","Quest inventory/objective coverage","P0","open","tracker_refinement","quest 5597 Dregs and Thieves","content_retail_completeness_quest_world_dependencies.csv","quest_id=5597;dependency_source=QuestObjective.worldLocationsIdIndicator;dependency_type=objective_indicator_location;dependency_id=8256:worldLocationsIdIndicator03:17899;objective_id=8256;objective_type=32;source_slot=worldLocationsIdIndicator03;world_location_id=17899;world_id=870;world_zone_id=1325;quest_direction_id=;quest_direction_entry_id=;target_group_id=;target_group_type=;target_group_data=;prerequisite_id=","Quest2 5597;QuestObjective 8256;WorldLocation2 17899;WorldZone 1325 Scarhide Camp;VirtualCollect 364;TargetGroup 4373;Creature2 24286 Chua Explosives;world 870;Q5596;Q5604","Decomp/Analysis/coverage/content_retail_completeness_quest_world_dependencies.csv;Decomp/Analysis/coverage/content_retail_completeness_next_slice_blockers.csv;Decomp/Analysis/coverage/content_retail_completeness_next_slice_queue.csv","Decomp/Analysis/coverage/content_retail_completeness_quest_world_dependencies.csv;wildstar_client_mysql/Quest2.tbl.sql;wildstar_client_mysql/QuestObjective.tbl.sql;wildstar_client_mysql/TargetGroup.tbl.sql;wildstar_client_mysql/Creature2.tbl.sql;wildstar_client_mysql/WorldLocation2.tbl.sql;Tools/DataMapping/output/quest_objective_map.csv;Tools/DataMapping/output/creature_quest_map.csv;Tools/DataMapping/output/creature_spawn_map.csv;Source/NexusForever.Script.Main/Quests/CrimsonIsle/CrimsonIsleMapScript.cs;Source/NexusForever.Script.Main/Quests/CrimsonIsle/Q5597.cs;Source/NexusForever.Game/Quest/Quest.cs;Source/NexusForever.Game/Quest/QuestObjective.cs;Source/NexusForever.Game/Entity;Source/NexusForever.Game.Tests/Quests/CrimsonIsleBranchInteractionTests.cs;Source/NexusForever.Game.Tests/Quest/QuestTests.cs;Decomp/Analysis/QUEST_IMPLEMENTATION_STATUS.md;Decomp/Analysis/BLOCKER_EVIDENCE_PLAN.md","High for emulator indicator spawn and virtual collect credit; Blocked for client map/activation UI smoke","Q5597 objective 8256 indicator worldLocationsIdIndicator03 points to WorldLocation2 17899 in world 870, WorldZone 1325 Scarhide Camp at -7144,-995.343,-1008.03 with radius 55 and all phases 4294967295. Objective 8256 is the build 16042 VirtualCollect data 364 count 6, and TargetGroup 4373 contains Creature2 24286 Chua Explosives. CrimsonIsleMapScript fallback-spawns 30 reviewed Chua Explosives placements in world 870 area 1218; focused tests load all 30 fallbacks, credit virtual item 364 on activation while Q5597 is accepted, remove each entity, reject missing-quest activation, and avoid duplicate credit. Q5597 remains not retail complete pending live build 16042 proof that indicator 17899 appears/routes correctly, Chua Explosives activation/objective UI smoke, Scarhide Camp density/placement confirmation, despawn/respawn visual state, duplicate/negative cases, Mondo dialog, reward/achievement UI, and end-to-end Q5596->Q5597->Q5604 smoke.","Keep Q5597 not retail complete; capture client/manual indicator 17899 visibility and routing, Chua Explosives activation/objective UI, Scarhide Camp density/placement, despawn/respawn visual state, duplicate/negative cases, Mondo dialog, reward/achievement UI, and full Q5596->Q5597->Q5604 smoke.","Generator/test update 2026-06-19; CreateBundleOnly worksheet artifacts/blocker_evidence/20260619-161627-quest-5597-chua-explosives-indicator-17899-activation-ui-smoke-review."
"2026-06-19-q5597-chua-explosives-indicator-17897-activation-ui-smoke-review","Quest inventory/objective coverage","P0","open","tracker_refinement","quest 5597 Dregs and Thieves","content_retail_completeness_quest_world_dependencies.csv","quest_id=5597;dependency_source=QuestObjective.worldLocationsIdIndicator;dependency_type=objective_indicator_location;dependency_id=8256:worldLocationsIdIndicator02:17897;objective_id=8256;objective_type=32;source_slot=worldLocationsIdIndicator02;world_location_id=17897;world_id=870;world_zone_id=1325;quest_direction_id=;quest_direction_entry_id=;target_group_id=;target_group_type=;target_group_data=;prerequisite_id=","Quest2 5597;QuestObjective 8256;WorldLocation2 17897;WorldZone 1325 Scarhide Camp;VirtualCollect 364;TargetGroup 4373;Creature2 24286 Chua Explosives;world 870;Q5596;Q5604","Decomp/Analysis/coverage/content_retail_completeness_quest_world_dependencies.csv;Decomp/Analysis/coverage/content_retail_completeness_next_slice_blockers.csv;Decomp/Analysis/coverage/content_retail_completeness_next_slice_queue.csv","Decomp/Analysis/coverage/content_retail_completeness_quest_world_dependencies.csv;wildstar_client_mysql/Quest2.tbl.sql;wildstar_client_mysql/QuestObjective.tbl.sql;wildstar_client_mysql/TargetGroup.tbl.sql;wildstar_client_mysql/Creature2.tbl.sql;wildstar_client_mysql/WorldLocation2.tbl.sql;Tools/DataMapping/output/quest_objective_map.csv;Tools/DataMapping/output/creature_quest_map.csv;Tools/DataMapping/output/creature_spawn_map.csv;Source/NexusForever.Script.Main/Quests/CrimsonIsle/CrimsonIsleMapScript.cs;Source/NexusForever.Script.Main/Quests/CrimsonIsle/Q5597.cs;Source/NexusForever.Game/Quest/Quest.cs;Source/NexusForever.Game/Quest/QuestObjective.cs;Source/NexusForever.Game/Entity;Source/NexusForever.Game.Tests/Quests/CrimsonIsleBranchInteractionTests.cs;Source/NexusForever.Game.Tests/Quest/QuestTests.cs;Decomp/Analysis/QUEST_IMPLEMENTATION_STATUS.md;Decomp/Analysis/BLOCKER_EVIDENCE_PLAN.md","High for emulator indicator spawn and virtual collect credit; Blocked for client map/activation UI smoke","Q5597 objective 8256 indicator worldLocationsIdIndicator02 points to WorldLocation2 17897 in world 870, WorldZone 1325 Scarhide Camp at -7270.21,-992.368,-828.018 with radius 55 and all phases 4294967295. Objective 8256 is the build 16042 VirtualCollect data 364 count 6, and TargetGroup 4373 contains Creature2 24286 Chua Explosives. CrimsonIsleMapScript fallback-spawns 30 reviewed Chua Explosives placements in world 870 area 1218; focused tests load all 30 fallbacks, credit virtual item 364 on activation while Q5597 is accepted, remove each entity, reject missing-quest activation, and avoid duplicate credit. Q5597 remains not retail complete pending live build 16042 proof that indicator 17897 appears/routes correctly, Chua Explosives activation/objective UI smoke, Scarhide Camp density/placement confirmation, despawn/respawn visual state, duplicate/negative cases, Mondo dialog, reward/achievement UI, and end-to-end Q5596->Q5597->Q5604 smoke.","Keep Q5597 not retail complete; capture client/manual indicator 17897 visibility and routing, Chua Explosives activation/objective UI, Scarhide Camp density/placement, despawn/respawn visual state, duplicate/negative cases, Mondo dialog, reward/achievement UI, and full Q5596->Q5597->Q5604 smoke.","Generator/test update 2026-06-19; CreateBundleOnly worksheet artifacts/blocker_evidence/20260619-160917-quest-5597-chua-explosives-indicator-17897-activation-ui-smoke-review."
"2026-06-19-q5597-chua-explosives-indicator-17898-activation-ui-smoke-review","Quest inventory/objective coverage","P0","open","tracker_refinement","quest 5597 Dregs and Thieves","content_retail_completeness_quest_world_dependencies.csv","quest_id=5597;dependency_source=QuestObjective.worldLocationsIdIndicator;dependency_type=objective_indicator_location;dependency_id=8256:worldLocationsIdIndicator01:17898;objective_id=8256;objective_type=32;source_slot=worldLocationsIdIndicator01;world_location_id=17898;world_id=870;world_zone_id=1325;quest_direction_id=;quest_direction_entry_id=;target_group_id=;target_group_type=;target_group_data=;prerequisite_id=","Quest2 5597;QuestObjective 8256;WorldLocation2 17898;WorldZone 1325 Scarhide Camp;VirtualCollect 364;TargetGroup 4373;Creature2 24286 Chua Explosives;world 870;Q5596;Q5604","Decomp/Analysis/coverage/content_retail_completeness_quest_world_dependencies.csv;Decomp/Analysis/coverage/content_retail_completeness_next_slice_blockers.csv;Decomp/Analysis/coverage/content_retail_completeness_next_slice_queue.csv","Decomp/Analysis/coverage/content_retail_completeness_quest_world_dependencies.csv;wildstar_client_mysql/Quest2.tbl.sql;wildstar_client_mysql/QuestObjective.tbl.sql;wildstar_client_mysql/TargetGroup.tbl.sql;wildstar_client_mysql/Creature2.tbl.sql;wildstar_client_mysql/WorldLocation2.tbl.sql;Tools/DataMapping/output/quest_objective_map.csv;Tools/DataMapping/output/creature_quest_map.csv;Tools/DataMapping/output/creature_spawn_map.csv;Source/NexusForever.Script.Main/Quests/CrimsonIsle/CrimsonIsleMapScript.cs;Source/NexusForever.Script.Main/Quests/CrimsonIsle/Q5597.cs;Source/NexusForever.Game/Quest/Quest.cs;Source/NexusForever.Game/Quest/QuestObjective.cs;Source/NexusForever.Game/Entity;Source/NexusForever.Game.Tests/Quests/CrimsonIsleBranchInteractionTests.cs;Source/NexusForever.Game.Tests/Quest/QuestTests.cs;Decomp/Analysis/QUEST_IMPLEMENTATION_STATUS.md;Decomp/Analysis/BLOCKER_EVIDENCE_PLAN.md","High for emulator indicator spawn and virtual collect credit; Blocked for client map/activation UI smoke","Q5597 objective 8256 indicator worldLocationsIdIndicator01 points to WorldLocation2 17898 in world 870, WorldZone 1325 Scarhide Camp at -7022.49,-995.437,-946.002 with radius 55 and all phases 4294967295. Objective 8256 is the build 16042 VirtualCollect data 364 count 6, and TargetGroup 4373 contains Creature2 24286 Chua Explosives. CrimsonIsleMapScript fallback-spawns 30 reviewed Chua Explosives placements in world 870 area 1218; focused tests load all 30 fallbacks, credit virtual item 364 on activation while Q5597 is accepted, remove each entity, reject missing-quest activation, and avoid duplicate credit. Q5597 remains not retail complete pending live build 16042 proof that indicator 17898 appears/routes correctly, Chua Explosives activation/objective UI smoke, Scarhide Camp density/placement confirmation, despawn/respawn visual state, duplicate/negative cases, Mondo dialog, reward/achievement UI, and end-to-end Q5596->Q5597->Q5604 smoke.","Keep Q5597 not retail complete; capture client/manual indicator 17898 visibility and routing, Chua Explosives activation/objective UI, Scarhide Camp density/placement, despawn/respawn visual state, duplicate/negative cases, Mondo dialog, reward/achievement UI, and full Q5596->Q5597->Q5604 smoke.","Generator/test update 2026-06-19; CreateBundleOnly worksheet artifacts/blocker_evidence/20260619-155949-quest-5597-chua-explosives-indicator-17898-activation-ui-smoke-review."
"2026-06-19-q5597-chua-explosives-indicator-17896-activation-ui-smoke-review","Quest inventory/objective coverage","P0","open","tracker_refinement","quest 5597 Dregs and Thieves","content_retail_completeness_quest_world_dependencies.csv","quest_id=5597;dependency_source=QuestObjective.worldLocationsIdIndicator;dependency_type=objective_indicator_location;dependency_id=8256:worldLocationsIdIndicator00:17896;objective_id=8256;objective_type=32;source_slot=worldLocationsIdIndicator00;world_location_id=17896;world_id=870;world_zone_id=1218;quest_direction_id=;quest_direction_entry_id=;target_group_id=;target_group_type=;target_group_data=;prerequisite_id=","Quest2 5597;QuestObjective 8256;WorldLocation2 17896;WorldZone 1218 Bloodstone Canyon;VirtualCollect 364;TargetGroup 4373;Creature2 24286 Chua Explosives;world 870;Q5596;Q5604","Decomp/Analysis/coverage/content_retail_completeness_quest_world_dependencies.csv;Decomp/Analysis/coverage/content_retail_completeness_next_slice_blockers.csv;Decomp/Analysis/coverage/content_retail_completeness_next_slice_queue.csv","Decomp/Analysis/coverage/content_retail_completeness_quest_world_dependencies.csv;wildstar_client_mysql/Quest2.tbl.sql;wildstar_client_mysql/QuestObjective.tbl.sql;wildstar_client_mysql/TargetGroup.tbl.sql;wildstar_client_mysql/Creature2.tbl.sql;wildstar_client_mysql/WorldLocation2.tbl.sql;Tools/DataMapping/output/quest_objective_map.csv;Tools/DataMapping/output/creature_quest_map.csv;Tools/DataMapping/output/creature_spawn_map.csv;Source/NexusForever.Script.Main/Quests/CrimsonIsle/CrimsonIsleMapScript.cs;Source/NexusForever.Script.Main/Quests/CrimsonIsle/Q5597.cs;Source/NexusForever.Game/Quest/Quest.cs;Source/NexusForever.Game/Quest/QuestObjective.cs;Source/NexusForever.Game/Entity;Source/NexusForever.Game.Tests/Quests/CrimsonIsleBranchInteractionTests.cs;Source/NexusForever.Game.Tests/Quest/QuestTests.cs;Decomp/Analysis/QUEST_IMPLEMENTATION_STATUS.md;Decomp/Analysis/BLOCKER_EVIDENCE_PLAN.md","High for emulator indicator spawn and virtual collect credit; Blocked for client map/activation UI smoke","Q5597 objective 8256 indicator worldLocationsIdIndicator00 points to WorldLocation2 17896 in world 870, WorldZone 1218 Bloodstone Canyon at -7133.34,-994.206,-856.854 with radius 55 and all phases 4294967295. Objective 8256 is the build 16042 VirtualCollect data 364 count 6, and TargetGroup 4373 contains Creature2 24286 Chua Explosives. CrimsonIsleMapScript fallback-spawns 30 reviewed Chua Explosives placements in world 870 area 1218; focused tests load all 30 fallbacks, credit virtual item 364 on activation while Q5597 is accepted, remove each entity, reject missing-quest activation, and avoid duplicate credit. Q5597 remains not retail complete pending live build 16042 proof that indicator 17896 appears/routes correctly, Chua Explosives activation/objective UI smoke, density/placement confirmation, despawn/respawn visual state, duplicate/negative cases, Mondo dialog, reward/achievement UI, and end-to-end Q5596->Q5597->Q5604 smoke.","Keep Q5597 not retail complete; capture client/manual indicator 17896 visibility and routing, Chua Explosives activation/objective UI, density/placement, despawn/respawn visual state, duplicate/negative cases, Mondo dialog, reward/achievement UI, and full Q5596->Q5597->Q5604 smoke.","Generator/test update 2026-06-19; CreateBundleOnly worksheet artifacts/blocker_evidence/20260619-154422-quest-5597-chua-explosives-indicator-17896-activation-ui-smoke-review."
"2026-06-19-q5597-mondo-receiver-location-dialog-completion-smoke-review","Quest inventory/objective coverage","P0","open","tracker_refinement","quest 5597 Dregs and Thieves","content_retail_completeness_quest_world_dependencies.csv","quest_id=5597;dependency_source=Quest2.WorldLocation2IdReceiver;dependency_type=quest_receiver_location;dependency_id=17803;objective_id=;objective_type=;source_slot=WorldLocation2IdReceiver;world_location_id=17803;world_id=870;world_zone_id=1227;quest_direction_id=;quest_direction_entry_id=;target_group_id=;target_group_type=;target_group_data=;prerequisite_id=","Quest2 5597;WorldLocation2 17803;WorldZone 1227 Bloodstone Canyon;world 870;Creature2 24187 Mondo Zax;QuestIdGiven 5597;QuestIdReceive 5597;Quest2Reward 3000/5236;Achievement 4134;Q5596;Q5604","Decomp/Analysis/coverage/content_retail_completeness_quest_world_dependencies.csv;Decomp/Analysis/coverage/content_retail_completeness_next_slice_blockers.csv;Decomp/Analysis/coverage/content_retail_completeness_next_slice_queue.csv","Decomp/Analysis/coverage/content_retail_completeness_quest_world_dependencies.csv;wildstar_client_mysql/Quest2.tbl.sql;wildstar_client_mysql/WorldLocation2.tbl.sql;wildstar_client_mysql/Creature2.tbl.sql;Tools/DataMapping/output/creature_quest_map.csv;Tools/DataMapping/output/creature_spawn_map.csv;Source/NexusForever.Script.Main/Quests/CrimsonIsle/CrimsonIsleMapScript.cs;Source/NexusForever.Script.Main/Quests/CrimsonIsle/Q5596.cs;Source/NexusForever.Script.Main/Quests/CrimsonIsle/Q5597.cs;Source/NexusForever.Game.Tests/Quests/CrimsonIsleBranchInteractionTests.cs;Source/NexusForever.Game.Tests/Quests/CrimsonIsleQuestChainTests.cs;Source/NexusForever.Game.Tests/Quest/QuestTests.cs;Decomp/Analysis/BLOCKER_EVIDENCE_PLAN.md","High for emulator receiver spawn, accept/complete gates, rewards, achievement, and follow-up; Blocked for client dialog/UI smoke","Q5597 primary receiver WorldLocation2 17803 is the build 16042 Mondo Zax receiver in world 870 WorldZone 1227 Bloodstone Canyon at -7662.75,-942.948,-671.901 with radius 1.76183 and all phases 4294967295. CrimsonIsleMapScript fallback-spawns Creature2 24187 Mondo Zax at that location, matching reviewed DataMapping source_coordinate_id 15089. Creature2 24187 carries QuestIdGiven and QuestIdReceive 5597; focused QuestManager tests require visible Mondo for Q5597 accept and completion, grant Quest2Reward rows 3000 and 5236, and update Bloodstone achievement 4134. Q5596 grants Q5597 and Q5597 grants Q5604. Q5597 remains not retail complete pending live build 16042 Mondo accept/completion dialog smoke, receiver placement/subzone/phase visibility proof, reward UI and inventory persistence, achievement UI/progression, duplicate/negative cases, and Q5596->Q5597->Q5604 smoke.","Keep Q5597 not retail complete; capture client/manual receiver placement/subzone/phase visibility, Mondo accept and completion dialog, reward/inventory, achievement UI, duplicate/negative cases, and full Q5596->Q5597->Q5604 smoke.","Generator/test update 2026-06-19; CreateBundleOnly worksheet artifacts/blocker_evidence/20260619-153253-quest-5597-mondo-receiver-location-dialog-completion-smoke-review."
"2026-06-19-q5597-crimson-isle-world-zone-map-visibility-smoke-review","Quest inventory/objective coverage","P0","open","tracker_refinement","quest 5597 Dregs and Thieves","content_retail_completeness_quest_world_dependencies.csv","quest_id=5597;dependency_source=Quest2.worldZoneId;dependency_type=quest_world_zone;dependency_id=622;objective_id=;objective_type=;source_slot=;world_location_id=;world_id=;world_zone_id=622;quest_direction_id=;quest_direction_entry_id=;target_group_id=;target_group_type=;target_group_data=;prerequisite_id=","Quest2 5597;WorldZone 622 Crimson Isle;world 870;WorldLocation2 17803;Creature2 24187 Mondo Zax;Creature2 24286 Chua Explosives;QuestObjective 8256;VirtualCollect 364;Q5596;Q5604","Decomp/Analysis/coverage/content_retail_completeness_quest_world_dependencies.csv;Decomp/Analysis/coverage/content_retail_completeness_next_slice_blockers.csv;Decomp/Analysis/coverage/content_retail_completeness_next_slice_queue.csv","Decomp/Analysis/coverage/content_retail_completeness_quest_world_dependencies.csv;Tools/DataMapping/output/world_zone_client_map.csv;wildstar_client_mysql/Quest2.tbl.sql;wildstar_client_mysql/WorldZone.tbl.sql;Tools/DataMapping/output/quest_objective_map.csv;Tools/DataMapping/output/creature_quest_map.csv;Tools/DataMapping/output/creature_spawn_map.csv;Source/NexusForever.Script.Main/Quests/CrimsonIsle/CrimsonIsleMapScript.cs;Source/NexusForever.Script.Main/Quests/CrimsonIsle/Q5597.cs;Source/NexusForever.Game.Tests/Quests/CrimsonIsleBranchInteractionTests.cs;Source/NexusForever.Game.Tests/Quests/CrimsonIsleQuestChainTests.cs;Source/NexusForever.Game.Tests/Quest/QuestTests.cs;Decomp/Analysis/BLOCKER_EVIDENCE_PLAN.md","High for emulator map-surface assets; Blocked for client visibility and map guidance smoke","Q5597 Quest2.worldZoneId 622 is the current Crimson Isle world-zone dependency. Current emulator evidence proves the server-owned Crimson Isle world 870 map surface has the Q5597 assets: CrimsonIsleMapScript loads for world 870, focused tests spawn Mondo Zax 24187 at receiver WorldLocation2 17803, and the reviewed 30 Chua Explosives 24286 placements back QuestObjective 8256 VirtualCollect 364. Q5597 remains not retail complete pending live build 16042 proof that WorldZone 622 activates and displays correctly in the client, route/path-arrow or map guidance is correct, episode/zone ordering is correct, Mondo accept/complete dialog and Chua objective UI are visible, rewards and achievements present correctly, duplicate/negative cases behave correctly, and the Q5596->Q5597->Q5604 flow smokes end to end.","Keep Q5597 not retail complete; capture client/manual map-zone activation, visibility, guidance, dialog, objective UI, rewards, achievements, duplicate/negative cases, and full Q5596->Q5597->Q5604 smoke.","Generator/test update 2026-06-19; CreateBundleOnly worksheet artifacts/blocker_evidence/20260619-152429-quest-5597-crimson-isle-world-zone-map-visibility-smoke-review."
"2026-06-13-q3486-objective-reward-audit","Quest inventory/objective coverage","P0","open","tracker_refinement","quest 3486 Empowered Tower","content_retail_completeness_quest_objective_evidence.csv","quest_id=3486;jabbithole_quest_objective_id=436","QuestObjective 4987;source_reward 5319;Item2 1377;source game_reward_id 2147;canonical Quest2Reward 1707","Decomp/Analysis/coverage/content_retail_completeness_quest_objective_evidence.csv;Decomp/Analysis/coverage/content_retail_completeness_quest_reward_evidence.csv;Decomp/Analysis/coverage/content_retail_completeness_next_slice_blockers.csv","Decomp/Analysis/coverage/content_retail_completeness_quest_objective_evidence.csv;Decomp/Analysis/coverage/content_retail_completeness_quest_reward_evidence.csv;Tools/DataMapping/output/quest_objective_map.csv;Tools/DataMapping/output/quest_reward_item_map.csv;Tools/DataMapping/output/quest_reward_client_map.csv;Source/NexusForever.Script.Main/Quests/NorthernWilds/Q3486EmpoweredTower.cs;Source/NexusForever.Game.Tests/Quests/NorthernWildsQuestChainTests.cs","Mapped objective bridge; Blocked reward source-id collision","Objective 436 is reviewed to QuestObjective 4987 as tracker-only evidence. Reward source id 2147 collides with a current Q3486 Quest2Reward row for another item, so Q3486 remains blocked for reward provenance plus panel dialog, crystal behavior, guardian combat, TargetGroup 11924 review, rewards, achievements, persistence, and chain smoke.","Keep Q3486 not retail complete; resolve reward provenance collision and capture client smoke before any status upgrade.","Read-only subagent audit confirmed tracker-only objective bridge and true reward collision."
"2026-06-13-q3777-objective-reward-audit","Quest inventory/objective coverage","P0","open","tracker_refinement","quest 3777 By Leaps and Bounds","content_retail_completeness_quest_objective_evidence.csv","quest_id=3777;jabbithole_quest_objective_id=410","QuestObjective 5075;source_reward 5284;Item2 28015;source game_reward_id 2389;canonical Quest2Reward 8867","Decomp/Analysis/coverage/content_retail_completeness_quest_objective_evidence.csv;Decomp/Analysis/coverage/content_retail_completeness_quest_reward_evidence.csv;Decomp/Analysis/coverage/content_retail_completeness_next_slice_blockers.csv","Decomp/Analysis/coverage/content_retail_completeness_quest_objective_evidence.csv;Decomp/Analysis/coverage/content_retail_completeness_quest_reward_evidence.csv;Tools/DataMapping/output/quest_objective_map.csv;Tools/DataMapping/output/quest_reward_item_map.csv;Tools/DataMapping/output/quest_reward_client_map.csv;Source/NexusForever.Game.Tests/Quest/QuestTests.cs;Source/NexusForever.Script.Main/Quests/NorthernWilds/Q3777ByLeapsAndBounds.cs","Mapped objective bridge and stale source reward tuple","Objective 410 is reviewed to QuestObjective 5075 and source_reward 5284 maps by item tuple to canonical Quest2Reward 8867. Q3777 remains blocked by Denner dialog smoke, Loftite Crystal collision, respawn/despawn behavior, reward UI, persistence, achievement UI, zone visibility, and end-to-end client smoke.","Keep Q3777 not retail complete; validate dialog, crystal behavior, rewards, and achievements with focused smoke.","Read-only subagent audit confirmed mapper order-zero issue and runtime-tested EnterZone path."
"2026-06-13-next-slice-reward-source-id-sweep","Rewards, loot, achievements, and progression hooks","P0","open","tracker_refinement","quests 3479 3486 3777 reward evidence","content_retail_completeness_quest_reward_evidence.csv","quest_id=3479;source_reward_id=5289","Q3479 5289:13327:2477->8569;Q3486 5319:1377:2147->1707;Q3777 5284:28015:2389->8867","Decomp/Analysis/coverage/content_retail_completeness_quest_reward_evidence.csv;Decomp/Analysis/coverage/content_retail_completeness_quest_rewards.csv;Decomp/Analysis/coverage/content_retail_completeness_next_slice_blockers.csv","Decomp/Analysis/coverage/content_retail_completeness_quest_reward_evidence.csv;Decomp/Analysis/coverage/content_retail_completeness_quest_rewards.csv;Tools/DataMapping/output/quest_reward_item_map.csv;Tools/DataMapping/output/quest_reward_client_map.csv","Mapped stale source IDs for Q3479/Q3777; Blocked same-quest collision for Q3486","Q3479 source_reward 5289 and Q3777 source_reward 5284 are stale source game_reward_id values with canonical item tuple matches. Q3486 source_reward 5319 remains blocked because source id 2147 collides with a different current Q3486 reward row.","Treat stale source IDs as provenance aliases only; keep Q3486 reward collision blocked pending source review.","Read-only reward sweep found one non-queue Q4520 mismatch for later review."
"2026-06-13-q3479-q3480-runtime-verified-smoke-blockers-audit","Quest inventory/objective coverage","P0","open","runtime_verified_smoke_blockers","quests 3479 From the Wreckage and 3480 Reporting for Duty","content_retail_completeness_next_slice_blockers.csv","slice_id=quest-3479","Q3479 objectives 4467/4564;Q3480 objectives 4470/4565;receiver 7726;alt receiver 12354/prereq 29356;achievements 1432/1433/1434/5327","Decomp/Analysis/coverage/content_retail_completeness_quest_objectives.csv;Decomp/Analysis/coverage/content_retail_completeness_quest_world_dependencies.csv;Decomp/Analysis/coverage/content_retail_completeness_quest_rewards.csv;Decomp/Analysis/coverage/content_retail_completeness_quest_achievements.csv;Decomp/Analysis/coverage/content_retail_completeness_next_slice_blockers.csv","Decomp/Analysis/coverage/content_retail_completeness_next_slice_queue.csv;Decomp/Analysis/coverage/content_retail_completeness_next_slice_blockers.csv;Decomp/Analysis/coverage/content_retail_completeness_quest_objectives.csv;Decomp/Analysis/coverage/content_retail_completeness_quest_world_dependencies.csv;Decomp/Analysis/coverage/content_retail_completeness_quest_rewards.csv;Decomp/Analysis/coverage/content_retail_completeness_quest_achievements.csv;Source/NexusForever.Script.Main/Quests/NorthernWilds/NorthernWildsMapScript.cs;Source/NexusForever.Game.Tests/Quests/NorthernWildsBranchInteractionTests.cs;Source/NexusForever.Game.Tests/Quest/QuestTests.cs","Verified runtime objective/reward/achievement paths; Blocked retail smoke","Q3479/Q3480 survivor, shared-yeti, reward, and achievement paths have focused runtime evidence, but client-visible CSI activation, live combat, respawn, tap/threat behavior, Deadeye dialog, alternate receiver routing, reward UI, inventory persistence, achievement UI/progression, and negative end-to-end cases remain blocked.","Run Q3479/Q3480 client smoke bundles before changing completion status; keep stale reward source 2477 as provenance-only.","Subagent validation command reported current content-retail validator passing before edits."
"2026-06-13-q3668-objective-creature-reward-audit","Quest inventory/objective coverage","P0","open","tracker_refinement","quest 3668 Indigenous Intelligence","content_retail_completeness_next_slice_blockers.csv","slice_id=quest-3668","Jabbithole objective 132->QuestObjective 4744;objectives 4745/4791;Creature2 11907/11910/11912/11917;blocked Creature2 14054/11913;pushed item 6912","Decomp/Analysis/coverage/content_retail_completeness_quest_objective_evidence.csv;Decomp/Analysis/coverage/content_retail_completeness_quest_creatures.csv;Decomp/Analysis/coverage/content_retail_completeness_quest_world_dependencies.csv;Decomp/Analysis/coverage/content_retail_completeness_quest_rewards.csv;Decomp/Analysis/coverage/content_retail_completeness_next_slice_blockers.csv","Decomp/Analysis/coverage/content_retail_completeness_next_slice_blockers.csv;Decomp/Analysis/coverage/content_retail_completeness_quest_objective_evidence.csv;Decomp/Analysis/coverage/content_retail_completeness_quest_creatures.csv;Tools/DataMapping/output/creature_spawn_map.csv;Source/NexusForever.Script.Main/Quests/NorthernWilds/Q3668.cs;Source/NexusForever.Script.Main/Quests/NorthernWilds/NorthernWildsMapScript.cs;Source/NexusForever.Game.Tests/Quests/NorthernWildsBranchInteractionTests.cs;Source/NexusForever.Game.Tests/Quest/QuestTests.cs","Mapped table/source alignment; Verified emulator unit-test coverage; Blocked retail smoke","Objective 132 is now reviewed to QuestObjective 4744, objectives 133/134 are reviewed against QuestObjective 4745/4791, and duplicate Creature2 11907/11910/11912/11917 provenance rows no longer inflate next-slice blockers. Creature2 14054 and 11913 have no safe world 426 placement and remain blocked. Q3668 still needs Lusk, survivor, Skeech, reward, achievement, prerequisite-chain, quest-direction, pushed-item, and end-to-end smoke.","Keep Q3668 not retail complete; gather client/manual smoke for dialog, objective credit timing, reward UI/persistence, achievements, prerequisite chain, pushed item 6912, and missing Creature2 14054/11913 placement evidence.","Tracker generator/tests updated 2026-06-13; no gameplay implementation was justified."
"2026-06-13-q3673-objective-evidence-bridge-audit","Quest inventory/objective coverage","P0","open","tracker_refinement","quest 3673 Contact with Thayd","content_retail_completeness_quest_objective_evidence.csv","quest_id=3673;jabbithole_quest_objective_id=137","Jabbithole objectives 137/138/139/140;QuestObjective 4748/4888/4889/4890;TargetGroup 1106;Creature2 12521/13150/13151;WorldLocation2 8867/8868/8869;hidden objective 13391","Decomp/Analysis/coverage/content_retail_completeness_quest_objective_evidence.csv;Decomp/Analysis/coverage/content_retail_completeness_quest_objectives.csv;Decomp/Analysis/coverage/content_retail_completeness_next_slice_blockers.csv;Decomp/Analysis/coverage/content_retail_completeness_next_slice_queue.csv","Decomp/Analysis/coverage/content_retail_completeness_quest_objective_evidence.csv;Tools/DataMapping/output/quest_objective_map.csv;wildstar_client_mysql/Quest2.tbl.sql;wildstar_client_mysql/QuestObjective.tbl.sql;wildstar_client_mysql/TargetGroup.tbl.sql;wildstar_client_mysql/Creature2.tbl.sql;wildstar_client_mysql/WorldLocation2.tbl.sql;Source/NexusForever.Script.Main/Quests/NorthernWilds/NorthernWildsMapScript.cs;Source/NexusForever.Script.Main/Quests/NorthernWilds/Q3673ContactWithThayd.cs;Source/NexusForever.Game.Tests/Quests/NorthernWildsBranchInteractionTests.cs;Source/NexusForever.Game.Tests/Quests/NorthernWildsQuestChainTests.cs;Source/NexusForever.Game.Tests/Entity/InteractionObjectiveUpdaterTests.cs","Mapped objective bridge; Verified emulator unit-test coverage; Blocked retail smoke","Objective-evidence rows 137-140 are reviewed against build 16042 QuestObjective rows 4748 and 4888-4890 as tracker-only evidence, reducing Q3673 blocker details from 34 to 30 without changing completion status. Runtime/test evidence covers Signal Flare spawns, target-group checklist credit, SucceedCSI credit, and hidden objective gating, but retail completion remains blocked by Deadeye dialog, exact activate/CSI packets, phased visibility, map guidance, reward/achievement UI, Q3886 prerequisite flow, alternate receiver routing, and end-to-end smoke.","Keep Q3673 not retail complete; capture client/manual smoke for Deadeye, Signal Flares, cinematic timing, reward and achievement UI, prerequisite and alternate receiver routing, and full Q3886->Q3673->Q3670 flow.","Three read-only subagents audited the objective evidence, non-objective blockers, and patch risk; generator/tests updated 2026-06-13."
"2026-06-13-instance-3041-ultimate-protogames-downsizer-audit","Dungeon, expedition, and raid inventory","P1","open","instance_scaffold_split","dungeon-side Downsizer scaffold world 3041 Map\\UltimateProtogamesRaid","content_retail_completeness_next_slice_blockers.csv","slice_id=instance-3041","instance-3041 blocker ranks 1-23;public event 642;objective ids 3197/3266/3267/3268/3269","Decomp/Analysis/coverage/content_retail_completeness_instances.csv;Decomp/Analysis/coverage/content_retail_completeness_instance_dependencies.csv;Decomp/Analysis/coverage/content_retail_completeness_script_objective_producer_evidence.csv;Decomp/Analysis/coverage/content_retail_completeness_next_slice_blockers.csv","Decomp/Analysis/coverage/content_retail_completeness_next_slice_blockers.csv;Source/NexusForever.Script.Instance/Dungeon/UltimateProtogames/Downsizer/UltimateProtogamesEventScript.cs;Source/NexusForever.Script.Instance/Dungeon/UltimateProtogames/Downsizer/UltimateProtogamesMapScript.cs;Source/NexusForever.Game.Tests/Instances/UltimateProtogamesDownsizerEventScriptTests.cs;Source/NexusForever.Game.Tests/Instances/InstanceMapBindingTests.cs","Verified source-test scaffold; Blocked retail Downsizer semantics","Map binding, OnLoad objective activation, Downsizer finish, and challenge-success no-finish are source/test covered, but challenge semantics, boss mechanics, phase order, rewards, loot, achievements, portal/queue/difficulty flow, negative cases, and manual dungeon smoke remain blocked.","Record scaffold coverage separately from retail blockers; capture targeted dungeon-side smoke and mechanic evidence before implementation claims.","Focused C# verification was run by lead and passed 22/22."
"2026-06-13-instance-1333-datascape-audit","Dungeon, expedition, and raid inventory","P1","open","instance_scaffold_split","raid world 1333 Datascape public event 157","content_retail_completeness_next_slice_blockers.csv","slice_id=instance-1333","484 blockers;public event 157;portal 144;objective producer ids 385..396/648..650/1876..1890/1924..1932/2048/2049/2520/2526;entity ids 1100300059..1100300075","Decomp/Analysis/coverage/content_retail_completeness_instances.csv;Decomp/Analysis/coverage/content_retail_completeness_instance_dependencies.csv;Decomp/Analysis/coverage/content_retail_completeness_script_objective_producer_evidence.csv;Decomp/Analysis/coverage/content_retail_completeness_instance_entities.csv;Decomp/Analysis/coverage/content_retail_completeness_next_slice_blockers.csv","Decomp/Analysis/coverage/content_retail_completeness_next_slice_blockers.csv;Source/NexusForever.Script.Instance/Raid/Datascape/DatascapeEventScript.cs;Source/NexusForever.Script.Instance/Raid/Datascape/Script/DatascapeObjectiveCreditEntityScripts.cs;Source/NexusForever.Script.Instance/Raid/Datascape/Script/OptimizedMemoryProbeTX67EntityScript.cs;Source/NexusForever.Game.Tests/Instances/DatascapeEventScriptTests.cs;Source/NexusForever.Game.Tests/Instances/PublicEventObjectiveCreditEntityScriptTests.cs;Tools/DataMapping/sql/laughingws_instance_entity_wip_seed.sql","Mapped source/test scaffold; Blocked retail raid mechanics","Datascape scripts and tests cover WIP scaffold behavior including phase activation, communicator sends, Avatus cinematic placeholder, datacore aggregation, objective-credit scripts, and final Finish. Retail remains blocked on phase order, Hydroflux/Mnemesis mechanics, Avatus payload/spawn, encounter choreography, doors/triggers, wing order, resource/checklist semantics, rewards, loot, achievements, portal/queue flow, entity lifecycle, combat scaling, and client smoke.","Split one Datascape wing or objective chain for the next pass; gather manual client smoke plus focused tests for timing, credit, negative/replay behavior, rewards, loot, and UI.","Read-only audit made no implementation claim and no edits."
"2026-06-13-subagent-findings-inventory-design","Build, test, and static validation","P0","open","generator_validator_design","content-retail subagent findings inventory contract","Tools/WikiArchiveAudit/content_retail_completeness_audit.py","subagent-findings-inventory","Tools/WikiArchiveAudit/reports/content-retail-subagent-findings.csv;EXPECTED_CSV_NAMES;Parallel Subagent Lane Snapshot;Top Gap Rollup","Tools/WikiArchiveAudit/reports/content-retail-subagent-findings.csv;Decomp/Analysis/CONTENT_RETAIL_COMPLETENESS_TRACKER.md;Tools/WikiArchiveAudit/content_retail_completeness_audit.py;Tools/WikiArchiveAudit/validate_content_retail_completeness_outputs.py;Tools/WikiArchiveAudit/test_content_retail_completeness_audit.py;Tools/WikiArchiveAudit/test_content_retail_completeness_validator.py","Tools/WikiArchiveAudit/README.md;Tools/WikiArchiveAudit/reports/README.md;Tools/WikiArchiveAudit/content_retail_completeness_audit.py;Tools/WikiArchiveAudit/validate_content_retail_completeness_outputs.py;Tools/WikiArchiveAudit/test_content_retail_completeness_audit.py;Tools/WikiArchiveAudit/test_content_retail_completeness_validator.py","High on tracked reports CSV design; Medium on schema until workflow matures","Generator/validator review recommended a repo-tracked findings CSV under Tools/WikiArchiveAudit/reports rather than a generated content_retail_completeness_*.csv under Decomp/Analysis/coverage, preserving the closed generated inventory invariant.","Have the generator read and render this report CSV, validate it separately, and keep it out of EXPECTED_CSV_NAMES and generated row counts.","This row records the generator-design subagent output and its chosen constraint."
"2026-06-13-q3886-objective-evidence-bridge-audit","Quest inventory/objective coverage","P0","open","tracker_refinement","quest 3886 Fiery Distraction","content_retail_completeness_quest_objective_evidence.csv","quest_id=3886;jabbithole_quest_objective_id=429","Jabbithole objectives 429/430;QuestObjective 5053/5052;Creature2 13630/13623;TargetGroup 1460;WorldLocation2 7770;Durek 11066;Q3886->Q3673","Decomp/Analysis/coverage/content_retail_completeness_quest_objective_evidence.csv;Decomp/Analysis/coverage/content_retail_completeness_quest_objectives.csv;Decomp/Analysis/coverage/content_retail_completeness_next_slice_blockers.csv;Decomp/Analysis/coverage/content_retail_completeness_next_slice_queue.csv","Decomp/Analysis/coverage/content_retail_completeness_quest_objective_evidence.csv;Tools/DataMapping/output/quest_objective_map.csv;wildstar_client_mysql/Quest2.tbl.sql;wildstar_client_mysql/QuestObjective.tbl.sql;wildstar_client_mysql/TargetGroup.tbl.sql;wildstar_client_mysql/Creature2.tbl.sql;wildstar_client_mysql/WorldLocation2.tbl.sql;Source/NexusForever.Script.Main/Quests/NorthernWilds/NorthernWildsMapScript.cs;Source/NexusForever.Script.Main/Quests/NorthernWilds/Q3886FieryDistraction.cs;Source/NexusForever.Game.Tests/Quests/NorthernWildsBranchInteractionTests.cs;Source/NexusForever.Game.Tests/Quests/NorthernWildsQuestChainTests.cs;Source/NexusForever.Game.Tests/Entity/InteractionObjectiveUpdaterTests.cs;Source/NexusForever.Game.Tests/Quest/QuestTests.cs","Mapped objective bridge; Verified emulator unit-test coverage; Blocked retail smoke","Objective-evidence rows 429/430 are reviewed against build 16042 QuestObjective rows 5053 and 5052 as tracker-only evidence, reducing Q3886 blocker details from 25 to 23 without changing completion status. Runtime/test evidence covers Burning Torch CSI spawn and credit, Skeech Hut target-group checklist credit, reward and achievement hooks, and Q3886->Q3673 follow-up, but retail completion remains blocked by Durek dialog, exact activate/CSI packets, visual burn/despawn/respawn behavior, reward/achievement UI, and end-to-end smoke.","Keep Q3886 not retail complete; capture client/manual smoke for Durek, Burning Torch, Skeech Hut interaction, visual state/respawn, reward and achievement UI, and full Q3886->Q3673 flow.","Three read-only subagents audited objective evidence, non-objective blockers, and patch risk; generator/tests updated 2026-06-13."
"2026-06-13-q3963-objective-evidence-bridge-audit","Quest inventory/objective coverage","P0","open","tracker_refinement","quest 3963 More Important Than Revenge","content_retail_completeness_quest_objective_evidence.csv","quest_id=3963;jabbithole_quest_objective_id=389","Jabbithole objective 389;QuestObjective 5201;TargetGroup 7573;Creature2 27196;WorldLocation2 45401/45402;source_coordinate_id 5168/40678;Q3487->Q3963;Deadeye 16622/11063/12959/23645","Decomp/Analysis/coverage/content_retail_completeness_quest_objective_evidence.csv;Decomp/Analysis/coverage/content_retail_completeness_quest_objectives.csv;Decomp/Analysis/coverage/content_retail_completeness_next_slice_blockers.csv;Decomp/Analysis/coverage/content_retail_completeness_next_slice_queue.csv","Decomp/Analysis/coverage/content_retail_completeness_quest_objective_evidence.csv;Tools/DataMapping/output/quest_objective_map.csv;Tools/DataMapping/output/creature_quest_map.csv;Tools/DataMapping/output/creature_spawn_map.csv;Tools/DataMapping/review/creature_bridge_overrides.csv;wildstar_client_mysql/Quest2.tbl.sql;wildstar_client_mysql/QuestObjective.tbl.sql;wildstar_client_mysql/TargetGroup.tbl.sql;wildstar_client_mysql/Creature2.tbl.sql;wildstar_client_mysql/WorldLocation2.tbl.sql;Source/NexusForever.Script.Main/Quests/NorthernWilds/NorthernWildsMapScript.cs;Source/NexusForever.Script.Main/Quests/NorthernWilds/Q3487Shellshock.cs;Source/NexusForever.Script.Main/Quests/NorthernWilds/Q3963MoreImportantThanRevenge.cs;Source/NexusForever.Script.Main/Transport/WorldLocationTeleporterEntityScript.cs;Source/NexusForever.WorldServer/Network/Message/Handler/Entity/InteractionObjectiveUpdater.cs;Source/NexusForever.Game.Tests/Quests/NorthernWildsBranchInteractionTests.cs;Source/NexusForever.Game.Tests/Quests/NorthernWildsQuestChainTests.cs;Source/NexusForever.Game.Tests/Transport/WorldLocationTeleporterEntityScriptTests.cs;Source/NexusForever.Game.Tests/Quest/QuestTests.cs","Mapped objective bridge; Verified emulator unit-test coverage; Blocked retail smoke","Objective-evidence row 389 is reviewed against build 16042 QuestObjective 5201 as tracker-only evidence, reducing Q3963 blocker details from 22 to 21 without changing completion status. Runtime/test evidence covers Ship Controls fallback spawns, ActivateEntity target-group credit, teleporter exclusion for reused Creature2 27196, Q3487->Q3963 handoff, rewards, achievements, and Deadeye receiver cache. Retail completion remains blocked by Ship Controls client activation timing, Deadeye dialog, reward/achievement UI, starter identity reconciliation, negative cases, and end-to-end smoke.","Keep Q3963 not retail complete; capture client/manual smoke for Ship Controls activation, Q3487->Q3963 handoff, Deadeye receiver dialog, rewards, achievements, duplicate/negative cases, and reconcile Deadeye starter identity 11063/12959/23645.","Three read-only subagents audited objective evidence, non-objective blockers, and patch risk; generator/tests updated 2026-06-13."
"2026-06-13-q3479-objective-evidence-bridge-audit","Quest inventory/objective coverage","P0","open","tracker_refinement","quest 3479 From the Wreckage","content_retail_completeness_quest_objective_evidence.csv","quest_id=3479;jabbithole_quest_objective_id=419","Jabbithole objective 419;QuestObjective 4564;TargetGroup 7288;TargetGroup 1463;Creature2 11945/11948;WorldLocation2 12155/12156/12157/12158;source_coordinate_id 7915699/7915700/7956687/8401261/8110657/8158349/8204800/8251657;Deadeye 11063;Q3479->Q3667","Decomp/Analysis/coverage/content_retail_completeness_quest_objective_evidence.csv;Decomp/Analysis/coverage/content_retail_completeness_quest_objectives.csv;Decomp/Analysis/coverage/content_retail_completeness_next_slice_blockers.csv;Decomp/Analysis/coverage/content_retail_completeness_next_slice_queue.csv","Decomp/Analysis/coverage/content_retail_completeness_quest_objective_evidence.csv;Tools/DataMapping/output/quest_objective_map.csv;Tools/DataMapping/output/creature_quest_map.csv;Tools/DataMapping/output/creature_spawn_map.csv;Tools/DataMapping/creature_bridge_overrides.csv;wildstar_client_mysql/Quest2.tbl.sql;wildstar_client_mysql/QuestObjective.tbl.sql;wildstar_client_mysql/TargetGroup.tbl.sql;wildstar_client_mysql/Creature2.tbl.sql;wildstar_client_mysql/WorldLocation2.tbl.sql;Source/NexusForever.Script.Main/Quests/NorthernWilds/NorthernWildsMapScript.cs;Source/NexusForever.Script.Main/Quests/NorthernWilds/Q3479FromTheWreckage.cs;Source/NexusForever.WorldServer/Network/Message/Handler/Entity/InteractionObjectiveUpdater.cs;Source/NexusForever.Game/Quest/Quest.cs;Source/NexusForever.Game/Quest/QuestObjective.cs;Source/NexusForever.Game/Entity/UnitEntity.cs;Source/NexusForever.Game.Tests/Quests/NorthernWildsBranchInteractionTests.cs;Source/NexusForever.Game.Tests/Quests/NorthernWildsQuestChainTests.cs;Source/NexusForever.Game.Tests/Quest/AssetManagerTargetGroupTests.cs;Source/NexusForever.Game.Tests/Quest/QuestTests.cs","Mapped objective bridge; Verified emulator unit-test coverage; Blocked retail smoke","Objective-evidence row 419 is reviewed against build 16042 QuestObjective 4564 as tracker-only evidence, reducing Q3479 blocker details from 45 to 44 without changing completion status. Runtime/test evidence covers shared yeti fallback spawns, KillTargetGroup expansion through TargetGroup 7288 and TargetGroup 1463, target members Creature2 11945/11948, reward and achievement hooks, and Q3479->Q3667 chain coverage. Retail completion remains blocked by live/client combat kill smoke, respawn/tap/threat behavior, loot cadence, Deadeye dialog, alternate receiver/prerequisite routing, reward/achievement UI, and end-to-end smoke.","Keep Q3479 not retail complete; capture client/manual smoke for survivor CSI, shared-yeti combat, Deadeye receiver dialog, reward and achievement UI, alternate receiver/prerequisite behavior, duplicate/negative cases, and full Q3479->Q3667 flow.","Three read-only subagents audited objective evidence, non-objective blockers, and patch/count risk; generator/tests updated 2026-06-13."
"2026-06-13-q3480-objective-evidence-bridge-audit","Quest inventory/objective coverage","P0","open","tracker_refinement","quest 3480 Reporting for Duty","content_retail_completeness_quest_objective_evidence.csv","quest_id=3480;jabbithole_quest_objective_id=2337","Jabbithole objective 2337;QuestObjective 4565;TargetGroup 1463;Creature2 11945/11948;WorldLocation2 12155/12156/12157/12158;source_coordinate_id 7915699/7915700/7956687/8401261/8110657/8158349/8204800/8251657;Deadeye 11063;Q3479 exclusion;starter 11061/23645","Decomp/Analysis/coverage/content_retail_completeness_quest_objective_evidence.csv;Decomp/Analysis/coverage/content_retail_completeness_quest_objectives.csv;Decomp/Analysis/coverage/content_retail_completeness_next_slice_blockers.csv;Decomp/Analysis/coverage/content_retail_completeness_next_slice_queue.csv","Decomp/Analysis/coverage/content_retail_completeness_quest_objective_evidence.csv;Tools/DataMapping/output/quest_objective_map.csv;Tools/DataMapping/output/creature_quest_map.csv;Tools/DataMapping/output/creature_spawn_map.csv;Tools/DataMapping/creature_bridge_overrides.csv;wildstar_client_mysql/Quest2.tbl.sql;wildstar_client_mysql/QuestObjective.tbl.sql;wildstar_client_mysql/TargetGroup.tbl.sql;wildstar_client_mysql/Creature2.tbl.sql;wildstar_client_mysql/WorldLocation2.tbl.sql;Source/NexusForever.Script.Main/Quests/NorthernWilds/NorthernWildsMapScript.cs;Source/NexusForever.Script.Main/Quests/NorthernWilds/Q3480.cs;Source/NexusForever.WorldServer/Network/Message/Handler/Entity/InteractionObjectiveUpdater.cs;Source/NexusForever.Game/Quest/Quest.cs;Source/NexusForever.Game/Quest/QuestObjective.cs;Source/NexusForever.Game/Entity/UnitEntity.cs;Source/NexusForever.Game.Tests/Quests/NorthernWildsBranchInteractionTests.cs;Source/NexusForever.Game.Tests/Quests/NorthernWildsQuestChainTests.cs;Source/NexusForever.Game.Tests/Quest/AssetManagerTargetGroupTests.cs;Source/NexusForever.Game.Tests/Quest/QuestTests.cs","Mapped objective bridge; Verified emulator unit-test coverage; Blocked retail smoke","Objective-evidence row 2337 is reviewed against build 16042 QuestObjective 4565 as tracker-only evidence, reducing Q3480 blocker details from 33 to 32 without changing completion status. Runtime/test evidence covers shared yeti fallback spawns, KillTargetGroup TargetGroup 1463, target members Creature2 11945/11948, reward and achievement hooks, and Q3479/Q3480 shared-yeti coverage. Retail completion remains blocked by survivor CSI, live/client combat kill smoke, respawn/tap/threat behavior, loot cadence, Deadeye dialog, alternate receiver/prerequisite routing, reward/achievement UI, starter bridge review, and end-to-end smoke.","Keep Q3480 not retail complete; capture client/manual smoke for survivor CSI, shared-yeti combat, Deadeye receiver dialog, reward and achievement UI, alternate receiver/prerequisite behavior, starter bridge routing, duplicate/negative cases, and full Q3480 flow.","Three read-only subagents audited objective evidence, non-objective blockers, and patch/count risk; generator/tests updated 2026-06-13."
"2026-06-13-q3486-loftite-objective-evidence-bridge-audit","Quest inventory/objective coverage","P0","open","tracker_refinement","quest 3486 Empowered Tower","content_retail_completeness_quest_objective_evidence.csv","quest_id=3486;jabbithole_quest_objective_id=437","Jabbithole objective 437;QuestObjective 4485;virtual item 206;TargetGroup 4985;Creature2 11925/11924;WorldLocation2 7807;Loftite Crystal 11205;source_coordinate_id 7798992;reward source 5319;Master Control Panel 11194;Q3667->Q3486;Q3486->Q3797","Decomp/Analysis/coverage/content_retail_completeness_quest_objective_evidence.csv;Decomp/Analysis/coverage/content_retail_completeness_quest_objectives.csv;Decomp/Analysis/coverage/content_retail_completeness_next_slice_blockers.csv;Decomp/Analysis/coverage/content_retail_completeness_next_slice_queue.csv","Decomp/Analysis/coverage/content_retail_completeness_quest_objective_evidence.csv;Tools/DataMapping/output/quest_objective_map.csv;Tools/DataMapping/output/creature_quest_map.csv;Tools/DataMapping/output/creature_spawn_map.csv;wildstar_client_mysql/Quest2.tbl.sql;wildstar_client_mysql/QuestObjective.tbl.sql;wildstar_client_mysql/TargetGroup.tbl.sql;wildstar_client_mysql/Creature2.tbl.sql;wildstar_client_mysql/WorldLocation2.tbl.sql;Source/NexusForever.Script.Main/Quests/NorthernWilds/NorthernWildsMapScript.cs;Source/NexusForever.Script.Main/Quests/NorthernWilds/Q3486EmpoweredTower.cs;Source/NexusForever.Game.Tests/Quests/NorthernWildsBranchInteractionTests.cs;Source/NexusForever.Game.Tests/Quests/NorthernWildsQuestChainTests.cs","Mapped objective bridge; Verified emulator unit-test coverage; Blocked retail smoke","Objective-evidence row 437 is reviewed against build 16042 QuestObjective 4485 as tracker-only evidence, reducing Q3486 blocker details from 40 to 39 without changing completion status. Runtime/test evidence covers Loftite Crystal 11205 virtual item 206 collection, Crystal Guardian 11925 kill credit, objective indicator 7807, TargetGroup 4985 linkage, shared Master Control Panel routing, and Q3486 follow-up hooks. Retail completion remains blocked by client crystal pickup/kill smoke, exact despawn/respawn/collection timing, TargetGroup member 11924 review, reward source 5319 collision, reward/achievement UI, prerequisite/follow-up chain smoke, and end-to-end Q3486 smoke.","Keep Q3486 not retail complete; capture client/manual smoke for Loftite crystal collection, Crystal Guardian combat, Master Control Panel dialogs, reward/achievement UI, reward source 5319 provenance, TargetGroup member 11924 behavior, duplicate/negative cases, and full Q3667->Q3486->Q3797 flow.","Three read-only subagents audited objective evidence, non-objective blockers, and patch/count risk; generator/tests updated 2026-06-13."
"2026-06-13-q3777-loftite-objective-evidence-bridge-audit","Quest inventory/objective coverage","P0","open","tracker_refinement","quest 3777 By Leaps and Bounds","content_retail_completeness_quest_objective_evidence.csv","quest_id=3777;jabbithole_quest_objective_id=411;412","Jabbithole objectives 411/412;QuestObjective 5076/4859;Item2 6998;TargetGroup 7534;Creature2 13120/6987;WorldLocation2 9578;Denner Hazefall 15759;source_coordinate_id 4220179/8274745/5660859/5660860/1857375/7309210/8274743/5660857","Decomp/Analysis/coverage/content_retail_completeness_quest_objective_evidence.csv;Decomp/Analysis/coverage/content_retail_completeness_quest_objectives.csv;Decomp/Analysis/coverage/content_retail_completeness_next_slice_blockers.csv;Decomp/Analysis/coverage/content_retail_completeness_next_slice_queue.csv","Decomp/Analysis/coverage/content_retail_completeness_quest_objective_evidence.csv;Tools/DataMapping/output/quest_objective_map.csv;Tools/DataMapping/output/creature_quest_map.csv;Tools/DataMapping/output/creature_spawn_map.csv;wildstar_client_mysql/Quest2.tbl.sql;wildstar_client_mysql/QuestObjective.tbl.sql;wildstar_client_mysql/TargetGroup.tbl.sql;wildstar_client_mysql/Creature2.tbl.sql;wildstar_client_mysql/WorldLocation2.tbl.sql;wildstar_client_mysql/Item2.tbl.sql;Source/NexusForever.Script.Main/Quests/Galeras/GalerasMapScript.cs;Source/NexusForever.Script.Main/Quests/NorthernWilds/Q3777ByLeapsAndBounds.cs;Source/NexusForever.Game.Tests/Quests/GalerasMapScriptTests.cs;Source/NexusForever.Game.Tests/Quests/GalerasQuestScriptTests.cs;Source/NexusForever.Game.Tests/Quest/QuestTests.cs","Mapped objective bridge; Verified emulator unit-test coverage; Blocked retail smoke","Objective-evidence rows 411 and 412 are reviewed against build 16042 QuestObjective 5076 and 4859 as tracker-only evidence, reducing Q3777 blocker details from 30 to 28 without changing completion status. Runtime/test evidence covers Denner Hazefall 15759 fallback, eight Loftite Crystal 13120 fallbacks, legacy DataMapping bridge creature 6987, first-fragment objective 5076 credit, CollectItem 6998 count progress, selectable item rewards, default faction reputation, and achievement hooks. Retail completion remains blocked by client-visible Denner dialog/activation smoke, exact crystal jump-through/collision and respawn/despawn timing, reward-choice and reputation UI, inventory/reputation persistence, achievement UI/progression, zone/creature blockers, and end-to-end Q3777 smoke.","Keep Q3777 not retail complete; capture client/manual smoke for Denner dialogs, Loftite crystal collection and respawn/despawn timing, reward/reputation/achievement UI, duplicate/negative cases, remaining zone/creature bridges, and full Q3777 flow.","Three read-only subagents audited objective evidence, non-objective blockers, and patch/count risk; generator/tests updated 2026-06-13."
"2026-06-13-q5596-objective-evidence-bridge-audit","Quest inventory/objective coverage","P0","open","tracker_refinement","quest 5596 Ordnance Recovery","content_retail_completeness_quest_objective_evidence.csv","quest_id=5596;jabbithole_quest_objective_id=1453;1454","Jabbithole objectives 1453/1454;QuestObjective 8255/8468;TargetGroup 2619;Creature2 24703;WorldLocation2 17853/17852;Mondo Zax 24187;Q5573/Q5575->Q5596;Q5596->Q5597","Decomp/Analysis/coverage/content_retail_completeness_quest_objective_evidence.csv;Decomp/Analysis/coverage/content_retail_completeness_quest_objectives.csv;Decomp/Analysis/coverage/content_retail_completeness_next_slice_blockers.csv;Decomp/Analysis/coverage/content_retail_completeness_next_slice_queue.csv","Decomp/Analysis/coverage/content_retail_completeness_quest_objective_evidence.csv;Tools/DataMapping/output/quest_objective_map.csv;Tools/DataMapping/output/quest_objective_client_map.csv;Tools/DataMapping/output/creature_quest_map.csv;wildstar_client_mysql/Quest2.tbl.sql;wildstar_client_mysql/QuestObjective.tbl.sql;wildstar_client_mysql/TargetGroup.tbl.sql;wildstar_client_mysql/Creature2.tbl.sql;wildstar_client_mysql/WorldLocation2.tbl.sql;Source/NexusForever.Script.Main/Quests/CrimsonIsle/CrimsonIsleMapScript.cs;Source/NexusForever.Script.Main/Quests/CrimsonIsle/Q5596.cs;Source/NexusForever.Game.Tests/Quests/EarlyZoneEntityObjectiveCreditTests.cs;Source/NexusForever.Game.Tests/Entity/VolumeGridTriggerEntityTests.cs","Mapped objective bridge; Verified emulator unit-test coverage; Blocked retail smoke","Objective-evidence rows 1453 and 1454 are reviewed against build 16042 QuestObjective rows 8255 and 8468 as tracker-only evidence, reducing Q5596 blocker details from 26 to 24 without changing completion status. Runtime/test evidence covers accepted Q5596 EnterArea credit for objective 8255, while client-table evidence maps objective 8468 to ActivateTargetGroupChecklist TargetGroup 2619 / Creature2 24703. Retail completion remains blocked by client-visible trigger/map-guidance smoke, Mondo Zax dialog, Dead Dominion Demolitions Expert spawn/interaction smoke, checklist credit timing, reward/achievement UI, prerequisites/chain behavior, zone/creature blockers, and end-to-end Q5596 smoke.","Keep Q5596 not retail complete; capture client/manual smoke for Crash Site Alpha entry, dead Dominion Demolitions Expert interactions, Mondo Zax dialogs, rewards, achievements, prerequisite branch routing, duplicate/negative cases, and full Q5573/Q5575->Q5596->Q5597 flow.","Read-only subagents audited objective evidence and count/predicate risk; generator/tests updated 2026-06-13."
"2026-06-13-instance-3009-hall-of-the-hundred-audit","Dungeon, expedition, and raid inventory","P1","open","released_world_story_scaffold_split","released world-story world 3009 Map\HalloftheHundred public event 666","content_retail_completeness_instances.csv","world_id=3009","World 3009;MatchingGameMap 103;PublicEvent 666/668/669/677/678/693/696/874/875;opening objective 4456;candidate objectives 4300/4328/4972/5001/4318/4304/4314/4322/5155","Decomp/Analysis/coverage/content_retail_completeness_instances.csv;Decomp/Analysis/coverage/content_retail_completeness_instance_dependencies.csv;Decomp/Analysis/coverage/content_retail_completeness_instance_entities.csv;Decomp/Analysis/coverage/content_retail_completeness_instance_rewards.csv","wildstar_client_mysql/World.tbl.sql;wildstar_client_mysql/PublicEvent.tbl.sql;wildstar_client_mysql/PublicEventObjective.tbl.sql;wildstar_client_mysql/TargetGroup.tbl.sql;wildstar_client_mysql/Creature2.tbl.sql;wildstar_client_mysql/MatchingGameMap.tbl.sql;Source/NexusForever.Script.Instance/WorldStory/HallOfTheHundred/HallOfTheHundredMapScript.cs;Source/NexusForever.Script.Instance/WorldStory/HallOfTheHundred/HallOfTheHundredEventScript.cs;Source/NexusForever.Game.Tests/Instances/HallOfTheHundredEventScriptTests.cs;Source/NexusForever.Game.Tests/Instances/InstanceMapBindingTests.cs","High for client IDs and PE/objective mappings; Blocked for runtime placements and playable route","Hall now has map binding and a test-backed opening public-event objective activation for objective 4456, but no reviewed world 3009 entity, entity_event, entity_script, trigger, reward, or achievement producer rows are available. Boss and interactable candidates remain mapped-only until placements and smoke evidence exist.","Locate authoritative world 3009 entity/event/trigger rows for Varegor 67457, Harizog 67444, optional bosses 71577/71173/71414, objects 72108/71617-71619/72367/72958, then promote reviewed additive seed rows and test objective credit.","Read-only Hall subagent found the placement blocker; lead kept Hall as released world-story content and not a standalone dungeon-complete claim."
"2026-06-19-q5597-prerequisite-accept-gate-review","Quest inventory/objective coverage","P0","open","tracker_refinement","quest 5597 Dregs and Thieves","content_retail_completeness_quest_prerequisites.csv","quest_id=5597;dependency_type=level;quest_faction;required_quest","Quest2 5597;preq_level 1;questPlayerFactionEnum 1 Dominion;required quest 5596;Mondo Zax 24187;QuestObjective 8256","Decomp/Analysis/coverage/content_retail_completeness_quest_prerequisites.csv;Decomp/Analysis/coverage/content_retail_completeness_next_slice_blockers.csv;Decomp/Analysis/coverage/content_retail_completeness_next_slice_queue.csv","Decomp/Analysis/coverage/content_retail_completeness_quest_prerequisites.csv;wildstar_client_mysql/Quest2.tbl.sql;wildstar_client_mysql/Prerequisite.tbl.sql;Source/NexusForever.Game/Entity/QuestManager.cs;Source/NexusForever.Game.Tests/Quest/QuestTests.cs;Decomp/Analysis/BLOCKER_EVIDENCE_PLAN.md","Mapped prerequisite accept gates; Verified emulator unit-test coverage; Blocked retail smoke","Q5597 prerequisite rows for level 1, Dominion faction, and required quest Q5596 now cite focused QuestManager accept-path positive and denial coverage: the server accepts only with visible Mondo Zax 24187, Dominion faction, level gate satisfied, and Q5596 complete, and rejects missing Mondo, missing Q5596, wrong faction, or a low level. Q5597 remains not retail complete pending client-visible Mondo availability/dialog, denial text/UI, Q5596-to-Q5597 chain presentation, reward and achievement side effects, and live client smoke.","Keep Q5597 not retail complete; capture client/manual smoke for Mondo availability and denial behavior, Q5596-to-Q5597 chain presentation, rewards, achievements, duplicate/negative cases, and end-to-end Q5597 flow.","Generator/test update 2026-06-19; CreateBundleOnly worksheet artifacts/blocker_evidence/20260619-125638-quest-5597-prerequisite-accept-gate-review."
"2026-06-19-q5597-crimson-isle-world-zone-map-surface-review","Quest inventory/objective coverage","P0","open","tracker_refinement","quest 5597 Dregs and Thieves","content_retail_completeness_quest_world_dependencies.csv","quest_id=5597;dependency_type=quest_world_zone;dependency_id=622","Quest2 5597;WorldZone 622 Crimson Isle;world 870;Mondo Zax 24187;WorldLocation2 17803;Chua Explosives 24286;QuestObjective 8256","Decomp/Analysis/coverage/content_retail_completeness_quest_world_dependencies.csv;Decomp/Analysis/coverage/content_retail_completeness_next_slice_blockers.csv;Decomp/Analysis/coverage/content_retail_completeness_next_slice_queue.csv","Decomp/Analysis/coverage/content_retail_completeness_quest_world_dependencies.csv;wildstar_client_mysql/Quest2.tbl.sql;wildstar_client_mysql/WorldZone.tbl.sql;wildstar_client_mysql/WorldLocation2.tbl.sql;Source/NexusForever.Script.Main/Quests/CrimsonIsle/CrimsonIsleMapScript.cs;Source/NexusForever.Game.Tests/Quests/CrimsonIsleBranchInteractionTests.cs;Decomp/Analysis/BLOCKER_EVIDENCE_PLAN.md","Mapped Quest2 world-zone surface; Verified emulator map-load coverage; Blocked retail smoke","Q5597 Quest2.worldZoneId 622 Crimson Isle now cites current server-side Crimson Isle world 870 coverage: focused tests load CrimsonIsleMapScript, spawn Mondo Zax 24187 at receiver WorldLocation2 17803, and spawn the reviewed Chua Explosives 24286 placements for objective 8256. This proves only emulator map-surface availability; Q5597 remains not retail complete pending live build 16042 map/zone activation and visibility, episode/zone ordering, path or map guidance, Mondo dialog, objective UI, reward and achievement side effects, duplicate/negative cases, and end-to-end smoke.","Keep Q5597 not retail complete; capture client/manual smoke for map and zone visibility, path/map guidance, Mondo dialog, Chua Explosives objective UI, rewards, achievements, duplicate/negative cases, and end-to-end Q5597 flow.","Generator/test update 2026-06-19; CreateBundleOnly worksheet artifacts/blocker_evidence/20260619-130912-quest-5597-crimson-isle-world-zone-map-surface-review."
"2026-06-19-q5597-episode-order-chain-handoff-review","Quest inventory/objective coverage","P0","open","tracker_refinement","quest 5597 Dregs and Thieves","content_retail_completeness_quest_episode_evidence.csv","quest_id=5597;episode_quest_id=2398;episode_id=464;order_index=2;flags=0","Quest2 5597;EpisodeQuest 2398;Episode 464 The Guns of Bloodstone;Jabbithole episode 98;WorldZone 622 Crimson Isle;Q5596->Q5597->Q5604","Decomp/Analysis/coverage/content_retail_completeness_quest_episode_evidence.csv;Decomp/Analysis/coverage/content_retail_completeness_next_slice_blockers.csv;Decomp/Analysis/coverage/content_retail_completeness_next_slice_queue.csv","Decomp/Analysis/coverage/content_retail_completeness_quest_episode_evidence.csv;Tools/DataMapping/output/episode_quest_client_map.csv;Tools/DataMapping/output/quest_episode_map.csv;wildstar_client_mysql/Episode.tbl.sql;wildstar_client_mysql/EpisodeQuest.tbl.sql;wildstar_client_mysql/Quest2.tbl.sql;Source/NexusForever.Script.Main/Quests/CrimsonIsle/Q5596.cs;Source/NexusForever.Script.Main/Quests/CrimsonIsle/Q5597.cs;Source/NexusForever.Script.Main/Quests/CrimsonIsle/Q5604TacticalDemolitions.cs;Source/NexusForever.Script.Main/Quests/CrimsonIsle/CrimsonIsleQuestChain.cs;Source/NexusForever.Game.Tests/Quests/CrimsonIsleQuestChainTests.cs;Decomp/Analysis/BLOCKER_EVIDENCE_PLAN.md","Mapped EpisodeQuest order; Verified emulator chain handoff tests; Blocked retail episode/client smoke","Q5597 EpisodeQuest row 2398 maps to build 16042 Episode 464 The Guns of Bloodstone at order 2 flags 0 in WorldZone 622 and to Jabbithole episode 98. Focused Crimson Isle quest-chain tests prove the current server-side handoff Q5596->Q5597->Q5604, including Q5597QuestScript granting Q5604 and Q5604 granting Q5580/Q5583 on completion. This proves only emulator chain ownership and table/order alignment; Q5597 remains not retail complete pending live build 16042 episode tracker/order UI presentation, quest visibility and turn-in state, Mondo dialog, Chua Explosives objective UI, reward and achievement side effects, duplicate/negative cases, and end-to-end smoke.","Keep Q5597 not retail complete; capture client/manual smoke for episode tracker/order presentation, Q5596-to-Q5597-to-Q5604 visibility and turn-in flow, Mondo dialog, Chua Explosives objective UI, rewards, achievements, duplicate/negative cases, and end-to-end Q5597 flow.","Generator/test update 2026-06-19; CreateBundleOnly worksheet artifacts/blocker_evidence/20260619-131927-quest-5597-episode-order-chain-handoff-review."
"2026-06-19-q5597-crimson-isle-call-zone-worldzone12-bridge-review","Quest inventory/objective coverage","P0","open","tracker_refinement","quest 5597 Dregs and Thieves","content_retail_completeness_quest_zone_evidence.csv","quest_id=5597;relation_source=quest_call_zones;source_relation_id=311;jabbithole_zone_id=9;world_zone_id=12","Quest2 5597;quest_call_zones 311;Jabbithole zone 9 Crimson Isle;WorldZone 12 blank;Quest2.worldZoneId 622;Crimson Isle child WorldZones 623/629/1217/1218/1219/1227/1284","Decomp/Analysis/coverage/content_retail_completeness_quest_zone_evidence.csv;Decomp/Analysis/coverage/content_retail_completeness_next_slice_blockers.csv;Decomp/Analysis/coverage/content_retail_completeness_next_slice_queue.csv","Decomp/Analysis/coverage/content_retail_completeness_quest_zone_evidence.csv;Tools/DataMapping/output/quest_zone_map.csv;Tools/DataMapping/output/world_zone_client_map.csv;wildstar_client_mysql/WorldZone.tbl.sql;wildstar_client_mysql/Quest2.tbl.sql;Tools/DataMapping/map_wildstar_data.py;jabbithole_mysql/quest_call_zones.sql;Source/NexusForever.Script.Main/Quests/CrimsonIsle/CrimsonIsleMapScript.cs;Source/NexusForever.Game.Tests/Quests/CrimsonIsleBranchInteractionTests.cs;Decomp/Analysis/BLOCKER_EVIDENCE_PLAN.md","Mapped archived call-zone relation; Blocked current WorldZone replacement or route smoke","Q5597 quest_call_zones relation 311 maps archived Jabbithole zone 9 Crimson Isle to WorldZone 12, but current build 16042 world_zone_client_map shows WorldZone 12 has no client name, parent zone 0, allow_access 0, and no Crimson Isle ownership. Current named Crimson Isle evidence instead uses Quest2.worldZoneId 622 and child WorldZone rows 623, 629, 1217, 1218, 1219, 1227, and 1284. Q5597 remains not retail complete pending a reviewed current WorldZone replacement, MapZone or QuestDirection evidence, or live build 16042 route/visibility/map guidance smoke before any runtime routing claim.","Keep Q5597 not retail complete; capture client/manual smoke or table/decompile evidence for the current Crimson Isle route/visibility zone, map guidance, episode/zone ordering, Mondo dialog, objective UI, rewards, achievements, duplicate/negative cases, and end-to-end Q5597 flow.","Generator/test update 2026-06-19; CreateBundleOnly worksheet artifacts/blocker_evidence/20260619-133236-quest-5597-crimson-isle-call-zone-worldzone12-bridge-review."
"2026-06-19-q5597-illium-call-zone-worldzone78-ellevar-bridge-review","Quest inventory/objective coverage","P0","open","tracker_refinement","quest 5597 Dregs and Thieves","content_retail_completeness_quest_zone_evidence.csv","quest_id=5597;relation_source=quest_call_zones;source_relation_id=4637;jabbithole_zone_id=46;world_zone_id=78","Quest2 5597;quest_call_zones 4637;Jabbithole zone 46 Illium;WorldZone 78 Western Ellevar;WorldZone 2191 Illium;Quest2.worldZoneId 622","Decomp/Analysis/coverage/content_retail_completeness_quest_zone_evidence.csv;Decomp/Analysis/coverage/content_retail_completeness_next_slice_blockers.csv;Decomp/Analysis/coverage/content_retail_completeness_next_slice_queue.csv","Decomp/Analysis/coverage/content_retail_completeness_quest_zone_evidence.csv;Tools/DataMapping/output/quest_zone_map.csv;Tools/DataMapping/output/world_zone_client_map.csv;wildstar_client_mysql/WorldZone.tbl.sql;wildstar_client_mysql/Quest2.tbl.sql;Tools/DataMapping/map_wildstar_data.py;jabbithole_mysql/quest_call_zones.sql;Source/NexusForever.Script.Main/Quests/CrimsonIsle/CrimsonIsleMapScript.cs;Source/NexusForever.Game.Tests/Quests/CrimsonIsleBranchInteractionTests.cs;Decomp/Analysis/BLOCKER_EVIDENCE_PLAN.md","Mapped archived call-zone relation; Blocked current WorldZone replacement or route smoke","Q5597 quest_call_zones relation 4637 maps archived Jabbithole zone 46 Illium to current WorldZone 78 Western Ellevar, with source last_seen_in 0. Current build 16042 world_zone_client_map shows WorldZone 78 is an Ellevar child under parent WorldZone 37, while named Illium evidence uses WorldZone 2191 and child rows 2192, 2193, 2194, 2195, 2196, 3014, 4202, 4296, 4298, 4365, 4485, 4486, and 4957. Q5597 remains not retail complete pending a reviewed current WorldZone replacement, MapZone or QuestDirection evidence, or live build 16042 route/visibility/map guidance smoke before any runtime routing claim.","Keep Q5597 not retail complete; capture client/manual smoke or table/decompile evidence for the current Crimson Isle route/visibility zone, map guidance, episode/zone ordering, Mondo dialog, objective UI, rewards, achievements, duplicate/negative cases, and end-to-end Q5597 flow.","Generator/test update 2026-06-19; CreateBundleOnly worksheet artifacts/blocker_evidence/20260619-135045-quest-5597-illium-call-zone-worldzone78-ellevar-bridge-review."
"2026-06-19-q5597-housing-skymap-call-zone-worldzone60-mozyk-quarry-bridge-review","Quest inventory/objective coverage","P0","open","tracker_refinement","quest 5597 Dregs and Thieves","content_retail_completeness_quest_zone_evidence.csv","quest_id=5597;relation_source=quest_call_zones;source_relation_id=4638;jabbithole_zone_id=40;world_zone_id=60","Quest2 5597;quest_call_zones 4638;Jabbithole zone 40 Housing Skymap;WorldZone 60 Mozyk Quarry;WorldZone 1630 Housing;WorldZone 1136/4373 Skymap;Quest2.worldZoneId 622","Decomp/Analysis/coverage/content_retail_completeness_quest_zone_evidence.csv;Decomp/Analysis/coverage/content_retail_completeness_next_slice_blockers.csv;Decomp/Analysis/coverage/content_retail_completeness_next_slice_queue.csv","Decomp/Analysis/coverage/content_retail_completeness_quest_zone_evidence.csv;Tools/DataMapping/output/quest_zone_map.csv;Tools/DataMapping/output/world_zone_client_map.csv;wildstar_client_mysql/WorldZone.tbl.sql;wildstar_client_mysql/Quest2.tbl.sql;Tools/DataMapping/map_wildstar_data.py;jabbithole_mysql/quest_call_zones.sql;Source/NexusForever.Script.Main/Quests/CrimsonIsle/CrimsonIsleMapScript.cs;Source/NexusForever.Game.Tests/Quests/CrimsonIsleBranchInteractionTests.cs;Decomp/Analysis/BLOCKER_EVIDENCE_PLAN.md","Mapped archived call-zone relation; Blocked current WorldZone replacement or route smoke","Q5597 quest_call_zones relation 4638 maps archived Jabbithole zone 40 Housing Skymap to current WorldZone 60 Mozyk Quarry, with source last_seen_in 0. Current build 16042 world_zone_client_map shows WorldZone 60 is Mozyk Quarry under parent WorldZone 734, while named Housing/Skymap evidence uses WorldZone 1630 Housing, WorldZone 1136 and 4373 Skymap, and WorldZone 1265 and 4837 Community Skymap. Q5597 remains not retail complete pending a reviewed current WorldZone replacement, MapZone or QuestDirection evidence, or live build 16042 route/visibility/map guidance smoke before any runtime routing claim.","Keep Q5597 not retail complete; capture client/manual smoke or table/decompile evidence for the current Crimson Isle route/visibility zone, map guidance, episode/zone ordering, Mondo dialog, objective UI, rewards, achievements, duplicate/negative cases, and end-to-end Q5597 flow.","Generator/test update 2026-06-19; CreateBundleOnly worksheet artifacts/blocker_evidence/20260619-135937-quest-5597-housing-skymap-call-zone-worldzone60-mozyk-quarry-bridge-review."
"2026-06-19-q5597-northern-wastes-call-zone-worldzone41-fort-glory-bridge-review","Quest inventory/objective coverage","P0","open","tracker_refinement","quest 5597 Dregs and Thieves","content_retail_completeness_quest_zone_evidence.csv","quest_id=5597;relation_source=quest_call_zones;source_relation_id=4639;jabbithole_zone_id=34;world_zone_id=41","Quest2 5597;quest_call_zones 4639;Jabbithole zone 34 Northern Wastes;WorldZone 41 Fort Glory;WorldZone 1784/1785 Northern Wastes;Quest2.worldZoneId 622","Decomp/Analysis/coverage/content_retail_completeness_quest_zone_evidence.csv;Decomp/Analysis/coverage/content_retail_completeness_next_slice_blockers.csv;Decomp/Analysis/coverage/content_retail_completeness_next_slice_queue.csv","Decomp/Analysis/coverage/content_retail_completeness_quest_zone_evidence.csv;Tools/DataMapping/output/quest_zone_map.csv;Tools/DataMapping/output/world_zone_client_map.csv;wildstar_client_mysql/WorldZone.tbl.sql;wildstar_client_mysql/Quest2.tbl.sql;Tools/DataMapping/map_wildstar_data.py;jabbithole_mysql/quest_call_zones.sql;Source/NexusForever.Script.Main/Quests/CrimsonIsle/CrimsonIsleMapScript.cs;Source/NexusForever.Game.Tests/Quests/CrimsonIsleBranchInteractionTests.cs;Decomp/Analysis/BLOCKER_EVIDENCE_PLAN.md","Mapped archived call-zone relation; Blocked current WorldZone replacement or route smoke","Q5597 quest_call_zones relation 4639 maps archived Jabbithole zone 34 Northern Wastes to current WorldZone 41 Fort Glory, with source last_seen_in 0. Current build 16042 world_zone_client_map shows WorldZone 41 is Fort Glory under parent WorldZone 848, while named Northern Wastes evidence uses WorldZone 1784, child WorldZone 1785, and child rows 1786, 1787, 1788, 1790, 1792, 1798, 4036, 4374, 4377, 4378, and 4483. Q5597 remains not retail complete pending a reviewed current WorldZone replacement, MapZone or QuestDirection evidence, or live build 16042 route/visibility/map guidance smoke before any runtime routing claim.","Keep Q5597 not retail complete; capture client/manual smoke or table/decompile evidence for the current Crimson Isle route/visibility zone, map guidance, episode/zone ordering, Mondo dialog, objective UI, rewards, achievements, duplicate/negative cases, and end-to-end Q5597 flow.","Generator/test update 2026-06-19; CreateBundleOnly worksheet artifacts/blocker_evidence/20260619-140947-quest-5597-northern-wastes-call-zone-worldzone41-fort-glory-bridge-review."
"2026-06-19-q5597-malgrave-call-zone-worldzone42-protostar-honeyworks-bridge-review","Quest inventory/objective coverage","P0","open","tracker_refinement","quest 5597 Dregs and Thieves","content_retail_completeness_quest_zone_evidence.csv","quest_id=5597;relation_source=quest_call_zones;source_relation_id=4640;jabbithole_zone_id=35;world_zone_id=42","Quest2 5597;quest_call_zones 4640;Jabbithole zone 35 Malgrave;WorldZone 42 Protostar Honeyworks;WorldZone 377/1711/1890/1928/1933/2433/4372 Malgrave;Quest2.worldZoneId 622","Decomp/Analysis/coverage/content_retail_completeness_quest_zone_evidence.csv;Decomp/Analysis/coverage/content_retail_completeness_next_slice_blockers.csv;Decomp/Analysis/coverage/content_retail_completeness_next_slice_queue.csv","Decomp/Analysis/coverage/content_retail_completeness_quest_zone_evidence.csv;Tools/DataMapping/output/quest_zone_map.csv;Tools/DataMapping/output/world_zone_client_map.csv;wildstar_client_mysql/WorldZone.tbl.sql;wildstar_client_mysql/Quest2.tbl.sql;Tools/DataMapping/map_wildstar_data.py;jabbithole_mysql/quest_call_zones.sql;Source/NexusForever.Script.Main/Quests/CrimsonIsle/CrimsonIsleMapScript.cs;Source/NexusForever.Game.Tests/Quests/CrimsonIsleBranchInteractionTests.cs;Decomp/Analysis/BLOCKER_EVIDENCE_PLAN.md","Mapped archived call-zone relation; Blocked current WorldZone replacement or route smoke","Q5597 quest_call_zones relation 4640 maps archived Jabbithole zone 35 Malgrave to current WorldZone 42 Protostar Honeyworks, with source last_seen_in 0. Current build 16042 world_zone_client_map shows WorldZone 42 is Protostar Honeyworks under parent WorldZone 733 Protostar Honeyworks Master, while named Malgrave evidence uses WorldZone 377 Malgrave, WorldZone 1711 The Malgrave Trail, WorldZone 1890 Southern Malgrave, WorldZone 1928 Central Malgrave, WorldZone 1933 and 2433 Malgrave, and WorldZone 4372 Malgrave. Q5597 remains not retail complete pending a reviewed current WorldZone replacement, MapZone or QuestDirection evidence, or live build 16042 route/visibility/map guidance smoke before any runtime routing claim.","Keep Q5597 not retail complete; capture client/manual smoke or table/decompile evidence for the current Crimson Isle route/visibility zone, map guidance, episode/zone ordering, Mondo dialog, objective UI, rewards, achievements, duplicate/negative cases, and end-to-end Q5597 flow.","Generator/test update 2026-06-19; CreateBundleOnly worksheet artifacts/blocker_evidence/20260619-141909-quest-5597-malgrave-call-zone-worldzone42-protostar-honeyworks-bridge-review."
"2026-06-19-q5597-auroria-call-zone-worldzone6-missing-bridge-review","Quest inventory/objective coverage","P0","open","tracker_refinement","quest 5597 Dregs and Thieves","content_retail_completeness_quest_zone_evidence.csv","quest_id=5597;relation_source=quest_call_zones;source_relation_id=4641;jabbithole_zone_id=5;world_zone_id=6","Quest2 5597;quest_call_zones 4641;Jabbithole zone 5 Auroria;WorldZone 6 missing;WorldZone 36/697/1228/1302/1303 Auroria;Quest2.worldZoneId 622","Decomp/Analysis/coverage/content_retail_completeness_quest_zone_evidence.csv;Decomp/Analysis/coverage/content_retail_completeness_next_slice_blockers.csv;Decomp/Analysis/coverage/content_retail_completeness_next_slice_queue.csv","Decomp/Analysis/coverage/content_retail_completeness_quest_zone_evidence.csv;Tools/DataMapping/output/quest_zone_map.csv;Tools/DataMapping/output/world_zone_client_map.csv;wildstar_client_mysql/WorldZone.tbl.sql;wildstar_client_mysql/Quest2.tbl.sql;Tools/DataMapping/map_wildstar_data.py;jabbithole_mysql/quest_call_zones.sql;Source/NexusForever.Script.Main/Quests/CrimsonIsle/CrimsonIsleMapScript.cs;Source/NexusForever.Game.Tests/Quests/CrimsonIsleBranchInteractionTests.cs;Decomp/Analysis/BLOCKER_EVIDENCE_PLAN.md","Mapped archived partial call-zone relation; Blocked current WorldZone replacement or route smoke","Q5597 quest_call_zones relation 4641 maps archived Jabbithole zone 5 Auroria to WorldZone 6 with match_status partial and source last_seen_in 0, but current build 16042 world_zone_client_map has no WorldZone 6 row or client name. Current named Auroria evidence instead uses WorldZone 36 Auroria plus child rows 697 Northeastern Auroria, 1228 Northwestern Auroria, 1302 Central Auroria, and 1303 Southern Auroria. Q5597 remains not retail complete pending a reviewed current WorldZone replacement, MapZone or QuestDirection evidence, or live build 16042 route/visibility/map guidance smoke before any runtime routing claim.","Keep Q5597 not retail complete; capture client/manual smoke or table/decompile evidence for the current Crimson Isle route/visibility zone, map guidance, episode/zone ordering, Mondo dialog, objective UI, rewards, achievements, duplicate/negative cases, and end-to-end Q5597 flow.","Generator/test update 2026-06-19; CreateBundleOnly worksheet artifacts/blocker_evidence/20260619-142700-quest-5597-auroria-call-zone-worldzone6-missing-bridge-review."
"2026-06-19-q5597-crimson-isle-quest-zone-worldzone12-bridge-review","Quest inventory/objective coverage","P0","open","tracker_refinement","quest 5597 Dregs and Thieves","content_retail_completeness_quest_zone_evidence.csv","quest_id=5597;relation_source=quest_zones;source_relation_id=633;jabbithole_zone_id=9;world_zone_id=12","Quest2 5597;quest_zones 633;Jabbithole zone 9 Crimson Isle;WorldZone 12 blank;Quest2.worldZoneId 622;Crimson Isle child WorldZones 623/629/1217/1218/1219/1227/1284","Decomp/Analysis/coverage/content_retail_completeness_quest_zone_evidence.csv;Decomp/Analysis/coverage/content_retail_completeness_next_slice_blockers.csv;Decomp/Analysis/coverage/content_retail_completeness_next_slice_queue.csv","Decomp/Analysis/coverage/content_retail_completeness_quest_zone_evidence.csv;Tools/DataMapping/output/quest_zone_map.csv;Tools/DataMapping/output/world_zone_client_map.csv;wildstar_client_mysql/WorldZone.tbl.sql;wildstar_client_mysql/Quest2.tbl.sql;Tools/DataMapping/map_wildstar_data.py;jabbithole_mysql/quest_zones.sql;Source/NexusForever.Script.Main/Quests/CrimsonIsle/CrimsonIsleMapScript.cs;Source/NexusForever.Game.Tests/Quests/CrimsonIsleBranchInteractionTests.cs;Decomp/Analysis/BLOCKER_EVIDENCE_PLAN.md","Mapped archived quest-zone relation; Blocked current WorldZone replacement or route smoke","Q5597 quest_zones relation 633 maps archived Jabbithole zone 9 Crimson Isle to WorldZone 12, with source last_seen_in 3, but current build 16042 world_zone_client_map shows WorldZone 12 has no client name, parent zone 0, allow_access 0, and no Crimson Isle ownership. Current named Crimson Isle evidence instead uses Quest2.worldZoneId 622 and child WorldZone rows 623, 629, 1217, 1218, 1219, 1227, and 1284. Q5597 remains not retail complete pending a reviewed current WorldZone replacement, MapZone or QuestDirection evidence, or live build 16042 route/visibility/map guidance smoke before any runtime routing claim.","Keep Q5597 not retail complete; capture client/manual smoke or table/decompile evidence for the current Crimson Isle route/visibility zone, map guidance, episode/zone ordering, Mondo dialog, objective UI, rewards, achievements, duplicate/negative cases, and end-to-end Q5597 flow.","Generator/test update 2026-06-19; CreateBundleOnly worksheet artifacts/blocker_evidence/20260619-143751-quest-5597-crimson-isle-quest-zone-worldzone12-bridge-review."
"2026-06-19-q5597-mondo-finisher-reward-achievement-ui-smoke-review","Quest inventory/objective coverage","P0","open","tracker_refinement","quest 5597 Dregs and Thieves","content_retail_completeness_quest_creatures.csv","quest_id=5597;relation_type=finisher;source_relation_id=1564;jabbithole_creature_id=3367;creature2_id=24187","Quest2 5597;finisher relation 1564;Creature2 24187 Mondo Zax;WorldLocation2 17803;source_coordinate_id 15089;Quest2Reward 3000/5236;Item2 81917/29664;Achievement 4134;Q5604","Decomp/Analysis/coverage/content_retail_completeness_quest_creatures.csv;Decomp/Analysis/coverage/content_retail_completeness_next_slice_blockers.csv;Decomp/Analysis/coverage/content_retail_completeness_next_slice_queue.csv","Decomp/Analysis/coverage/content_retail_completeness_quest_creatures.csv;Tools/DataMapping/output/creature_quest_map.csv;Tools/DataMapping/output/creature_spawn_map.csv;wildstar_client_mysql/Creature2.tbl.sql;wildstar_client_mysql/Quest2.tbl.sql;wildstar_client_mysql/Quest2Reward.tbl.sql;wildstar_client_mysql/Achievement.tbl.sql;wildstar_client_mysql/AchievementChecklist.tbl.sql;Source/NexusForever.Script.Main/Quests/CrimsonIsle/CrimsonIsleMapScript.cs;Source/NexusForever.Script.Main/Quests/CrimsonIsle/Q5597.cs;Source/NexusForever.Game.Tests/Quests/CrimsonIsleBranchInteractionTests.cs;Source/NexusForever.Game.Tests/Quests/CrimsonIsleQuestChainTests.cs;Source/NexusForever.Game.Tests/Quest/QuestTests.cs;Decomp/Analysis/BLOCKER_EVIDENCE_PLAN.md","High for emulator completion, rewards, achievement, and follow-up; Blocked for client UI smoke","Q5597 finisher relation 1564 maps to reviewed build 16042 Creature2 24187 Mondo Zax. Creature2 24187 carries QuestIdReceive 5597, CrimsonIsleMapScript fallback-spawns Mondo at Quest2 receiver WorldLocation2 17803 matching reviewed DataMapping source_coordinate_id 15089, focused QuestManager tests complete achieved Q5597 only with visible Mondo, grant fixed Quest2Reward rows 3000 and 5236, update Bloodstone achievement 4134, and Q5597QuestScript grants Q5604. Q5597 remains not retail complete pending live build 16042 Mondo completion dialog smoke, reward UI and inventory persistence smoke, achievement UI/progression smoke, duplicate/negative completion cases, and end-to-end Q5597->Q5604 smoke.","Keep Q5597 not retail complete; capture client/manual smoke for Mondo completion dialog, reward UI/inventory persistence, achievement UI/progression, duplicate and negative completion cases, and full Q5597->Q5604 flow.","Generator/test update 2026-06-19; CreateBundleOnly worksheet artifacts/blocker_evidence/20260619-144826-quest-5597-mondo-finisher-reward-achievement-ui-smoke-review."
"2026-06-19-q5597-chua-explosives-objective-activation-ui-smoke-review","Quest inventory/objective coverage","P0","open","tracker_refinement","quest 5597 Dregs and Thieves","content_retail_completeness_quest_creatures.csv","quest_id=5597;relation_type=objective;source_relation_id=1090;jabbithole_creature_id=3462;creature2_id=24286","Quest2 5597;objective relation 1090;Creature2 24286 Chua Explosives;QuestObjective 8256;VirtualCollect 364;TargetGroup 4373;30 source_coordinate_ids 15489/15490/15491/15492/15493/15494/15857/15858/15859/15860/15861/15862/38874/51929/59776/59777/59778/59779/59780/59781/64334/101493/101494/127169/134970/134971/134972/136408/136864/147754;Q5604","Decomp/Analysis/coverage/content_retail_completeness_quest_creatures.csv;Decomp/Analysis/coverage/content_retail_completeness_next_slice_blockers.csv;Decomp/Analysis/coverage/content_retail_completeness_next_slice_queue.csv","Decomp/Analysis/coverage/content_retail_completeness_quest_creatures.csv;Tools/DataMapping/output/creature_quest_map.csv;Tools/DataMapping/output/creature_spawn_map.csv;Tools/DataMapping/output/quest_objective_map.csv;wildstar_client_mysql/Creature2.tbl.sql;wildstar_client_mysql/Quest2.tbl.sql;wildstar_client_mysql/QuestObjective.tbl.sql;wildstar_client_mysql/TargetGroup.tbl.sql;Source/NexusForever.Script.Main/Quests/CrimsonIsle/CrimsonIsleMapScript.cs;Source/NexusForever.Script.Main/Quests/CrimsonIsle/Q5597.cs;Source/NexusForever.Game.Tests/Quests/CrimsonIsleBranchInteractionTests.cs;Source/NexusForever.Game.Tests/Quest/QuestTests.cs;Decomp/Analysis/BLOCKER_EVIDENCE_PLAN.md","High for emulator 30-fallback spawn, virtual collect credit, and activation guards; Blocked for client UI smoke","Q5597 objective relation 1090 maps to reviewed build 16042 Creature2 24286 Chua Explosives. QuestObjective 8256 is VirtualCollect data 364 count 6 with TargetGroup 4373 containing Creature2 24286; CrimsonIsleMapScript fallback-spawns 30 reviewed Chua Explosives placements in world 870 area 1218; Q5597ChuaExplosivesEntityScript and the Creature wrapper credit virtual item 364 while Q5597 is accepted, remove the entity, ignore missing quest state, and suppress repeated activation. Q5597 remains not retail complete pending live build 16042 client activation/objective UI smoke, exact density and placement confirmation, respawn/despawn visual-state smoke, Mondo dialog/client flow, reward UI/inventory persistence, achievement UI/progression, duplicate/negative cases, and end-to-end Q5597->Q5604 smoke.","Keep Q5597 not retail complete; capture client/manual activation/objective UI, density, despawn/respawn visual state, Mondo dialog, reward/inventory, achievement UI, duplicate/negative cases, and full Q5597->Q5604 flow.","Generator/test update 2026-06-19; CreateBundleOnly worksheet artifacts/blocker_evidence/20260619-150153-quest-5597-chua-explosives-objective-activation-ui-smoke-review."
"2026-06-19-q5597-mondo-starter-accept-dialog-prereq-ui-smoke-review","Quest inventory/objective coverage","P0","open","tracker_refinement","quest 5597 Dregs and Thieves","content_retail_completeness_quest_creatures.csv","quest_id=5597;relation_type=starter;source_relation_id=1922;jabbithole_creature_id=3367;creature2_id=24187","Quest2 5597;starter relation 1922;Creature2 24187 Mondo Zax;QuestIdGiven 5597;WorldLocation2 17803;source_coordinate_ids 15087/15088/15089/21174/136782/1863809/2480207/2561752;Q5596;Q5604","Decomp/Analysis/coverage/content_retail_completeness_quest_creatures.csv;Decomp/Analysis/coverage/content_retail_completeness_next_slice_blockers.csv;Decomp/Analysis/coverage/content_retail_completeness_next_slice_queue.csv","Decomp/Analysis/coverage/content_retail_completeness_quest_creatures.csv;Tools/DataMapping/output/creature_quest_map.csv;Tools/DataMapping/output/creature_spawn_map.csv;wildstar_client_mysql/Creature2.tbl.sql;wildstar_client_mysql/Quest2.tbl.sql;wildstar_client_mysql/WorldLocation2.tbl.sql;Source/NexusForever.Script.Main/Quests/CrimsonIsle/CrimsonIsleMapScript.cs;Source/NexusForever.Script.Main/Quests/CrimsonIsle/Q5596.cs;Source/NexusForever.Script.Main/Quests/CrimsonIsle/Q5597.cs;Source/NexusForever.Game.Tests/Quest/QuestTests.cs;Source/NexusForever.Game.Tests/Quests/CrimsonIsleQuestChainTests.cs;Decomp/Analysis/BLOCKER_EVIDENCE_PLAN.md","High for emulator starter spawn, accept gate, and follow-up coverage; Blocked for client dialog/UI smoke","Q5597 starter relation 1922 maps to reviewed build 16042 Creature2 24187 Mondo Zax. Creature2 24187 carries QuestIdGiven 5597; CrimsonIsleMapScript fallback-spawns Mondo at Quest2 receiver WorldLocation2 17803 matching reviewed DataMapping source_coordinate_id 15089 within 8 reviewed Mondo Zax placements in world 870 area 1885; Q5596QuestScript grants Q5597 as the follow-up; QuestManager accept tests require visible Mondo, completed Q5596, Dominion faction, and level gate and reject missing Mondo, missing Q5596, wrong faction, or low level. Q5597 remains not retail complete pending live build 16042 Mondo accept dialog smoke, prerequisite visibility and denial text/UI, exact spawn choice/density, reward/achievement side effects, and end-to-end Q5596->Q5597->Q5604 smoke.","Keep Q5597 not retail complete; capture client/manual Mondo accept dialog, prerequisite visibility and denial UI, exact spawn choice/density, reward/achievement UI side effects, negative cases, and full Q5596->Q5597->Q5604 flow.","Generator/test update 2026-06-19; CreateBundleOnly worksheet artifacts/blocker_evidence/20260619-151528-quest-5597-mondo-starter-accept-dialog-prereq-ui-smoke-review."
